path,url,bytes
2024/Statistik-Premiepension-2024-12-31.xlsm,https://www.pensionsmyndigheten.se/content/dam/pensionsmyndigheten/blanketter---broschyrer---faktablad/statistik/premiepension/m%C3%A5nadsstatistik/%C3%A4ldre-m%C3%A5nadsstatistik-%C3%B6ver-fondhandel/2024/Statistik-Premiepension-2024-12-31.xlsm,1757404
2024/statistik-premiepension-2024-11-30.xlsm,https://www.pensionsmyndigheten.se/content/dam/pensionsmyndigheten/blanketter---broschyrer---faktablad/statistik/premiepension/m%C3%A5nadsstatistik/%C3%A4ldre-m%C3%A5nadsstatistik-%C3%B6ver-fondhandel/2024/statistik-premiepension-2024-11-30.xlsm,1751548
2024/statistik-Premiepension-2024-10-31-uppdaterad.xlsm,https://www.pensionsmyndigheten.se/content/dam/pensionsmyndigheten/blanketter---broschyrer---faktablad/statistik/premiepension/m%C3%A5nadsstatistik/%C3%A4ldre-m%C3%A5nadsstatistik-%C3%B6ver-fondhandel/2024/statistik-Premiepension-2024-10-31-uppdaterad.xlsm,1706413
2024/Statistik premiepension 2024-09-30.xlsm,https://www.pensionsmyndigheten.se/content/dam/pensionsmyndigheten/blanketter---broschyrer---faktablad/statistik/premiepension/m%C3%A5nadsstatistik/%C3%A4ldre-m%C3%A5nadsstatistik-%C3%B6ver-fondhandel/2024/Statistik%20premiepension%202024-09-30.xlsm,1744874
2024/Statistik premiepension 2024-08-31.xlsm,https://www.pensionsmyndigheten.se/content/dam/pensionsmyndigheten/blanketter---broschyrer---faktablad/statistik/premiepension/m%C3%A5nadsstatistik/%C3%A4ldre-m%C3%A5nadsstatistik-%C3%B6ver-fondhandel/2024/Statistik%20premiepension%202024-08-31.xlsm,1742016
2024/Statistik-Premiepension-2024-07-31.xlsm,https://www.pensionsmyndigheten.se/content/dam/pensionsmyndigheten/blanketter---broschyrer---faktablad/statistik/premiepension/m%C3%A5nadsstatistik/%C3%A4ldre-m%C3%A5nadsstatistik-%C3%B6ver-fondhandel/2024/Statistik-Premiepension-2024-07-31.xlsm,1696753
2024/Statistik-Premiepension-2024-06-30.xlsm,https://www.pensionsmyndigheten.se/content/dam/pensionsmyndigheten/blanketter---broschyrer---faktablad/statistik/premiepension/m%C3%A5nadsstatistik/%C3%A4ldre-m%C3%A5nadsstatistik-%C3%B6ver-fondhandel/2024/Statistik-Premiepension-2024-06-30.xlsm,1736202
2024/Statistik-Premiepension-2024-05-31.xlsm,https://www.pensionsmyndigheten.se/content/dam/pensionsmyndigheten/blanketter---broschyrer---faktablad/statistik/premiepension/m%C3%A5nadsstatistik/%C3%A4ldre-m%C3%A5nadsstatistik-%C3%B6ver-fondhandel/2024/Statistik-Premiepension-2024-05-31.xlsm,1736090
2024/Statistik-Premiepension-2024-04-30.xlsm,https://www.pensionsmyndigheten.se/content/dam/pensionsmyndigheten/blanketter---broschyrer---faktablad/statistik/premiepension/m%C3%A5nadsstatistik/%C3%A4ldre-m%C3%A5nadsstatistik-%C3%B6ver-fondhandel/2024/Statistik-Premiepension-2024-04-30.xlsm,1731549
2024/Statistik premiepension 2024-03-31.xlsm,https://www.pensionsmyndigheten.se/content/dam/pensionsmyndigheten/blanketter---broschyrer---faktablad/statistik/premiepension/m%C3%A5nadsstatistik/%C3%A4ldre-m%C3%A5nadsstatistik-%C3%B6ver-fondhandel/2024/Statistik%20premiepension%202024-03-31.xlsm,1729371
2024/Statistik-Premiepension-2024-02-29.xlsm,https://www.pensionsmyndigheten.se/content/dam/pensionsmyndigheten/blanketter---broschyrer---faktablad/statistik/premiepension/m%C3%A5nadsstatistik/%C3%A4ldre-m%C3%A5nadsstatistik-%C3%B6ver-fondhandel/2024/Statistik-Premiepension-2024-02-29.xlsm,1729207
2024/Statistik-Premiepension-2024-01-31.xlsm,https://www.pensionsmyndigheten.se/content/dam/pensionsmyndigheten/blanketter---broschyrer---faktablad/statistik/premiepension/m%C3%A5nadsstatistik/%C3%A4ldre-m%C3%A5nadsstatistik-%C3%B6ver-fondhandel/2024/Statistik-Premiepension-2024-01-31.xlsm,1725429
2023/Statistik-Premiepension-2023-05-31.xlsm,https://www.pensionsmyndigheten.se/content/dam/pensionsmyndigheten/blanketter---broschyrer---faktablad/statistik/premiepension/m%C3%A5nadsstatistik/%C3%A4ldre-m%C3%A5nadsstatistik-%C3%B6ver-fondhandel/2023/Statistik-Premiepension-2023-05-31.xlsm,1931130
2023/Statistik-Premiepension-2023-04-30.xlsm,https://www.pensionsmyndigheten.se/content/dam/pensionsmyndigheten/blanketter---broschyrer---faktablad/statistik/premiepension/m%C3%A5nadsstatistik/%C3%A4ldre-m%C3%A5nadsstatistik-%C3%B6ver-fondhandel/2023/Statistik-Premiepension-2023-04-30.xlsm,1881579
2023/Statistik-Premiepension-2023-08-31.xlsm,https://www.pensionsmyndigheten.se/content/dam/pensionsmyndigheten/blanketter---broschyrer---faktablad/statistik/premiepension/m%C3%A5nadsstatistik/%C3%A4ldre-m%C3%A5nadsstatistik-%C3%B6ver-fondhandel/2023/Statistik-Premiepension-2023-08-31.xlsm,1940957
2023/Statistik-Premiepension-2023-12-31.xlsm,https://www.pensionsmyndigheten.se/content/dam/pensionsmyndigheten/blanketter---broschyrer---faktablad/statistik/premiepension/m%C3%A5nadsstatistik/%C3%A4ldre-m%C3%A5nadsstatistik-%C3%B6ver-fondhandel/2023/Statistik-Premiepension-2023-12-31.xlsm,1953942
2023/Statistik-premiepension-2023-03-31.xlsm,https://www.pensionsmyndigheten.se/content/dam/pensionsmyndigheten/blanketter---broschyrer---faktablad/statistik/premiepension/m%C3%A5nadsstatistik/%C3%A4ldre-m%C3%A5nadsstatistik-%C3%B6ver-fondhandel/2023/Statistik-premiepension-2023-03-31.xlsm,1902062
2023/Statistik-Premiepension-2023-02-28.xlsm,https://www.pensionsmyndigheten.se/content/dam/pensionsmyndigheten/blanketter---broschyrer---faktablad/statistik/premiepension/m%C3%A5nadsstatistik/%C3%A4ldre-m%C3%A5nadsstatistik-%C3%B6ver-fondhandel/2023/Statistik-Premiepension-2023-02-28.xlsm,1903021
2023/Statistik-Premiepension-2023-09-30.xlsm,https://www.pensionsmyndigheten.se/content/dam/pensionsmyndigheten/blanketter---broschyrer---faktablad/statistik/premiepension/m%C3%A5nadsstatistik/%C3%A4ldre-m%C3%A5nadsstatistik-%C3%B6ver-fondhandel/2023/Statistik-Premiepension-2023-09-30.xlsm,1945261
2023/Statistik-Premiepension-2023-11-30.xlsm,https://www.pensionsmyndigheten.se/content/dam/pensionsmyndigheten/blanketter---broschyrer---faktablad/statistik/premiepension/m%C3%A5nadsstatistik/%C3%A4ldre-m%C3%A5nadsstatistik-%C3%B6ver-fondhandel/2023/Statistik-Premiepension-2023-11-30.xlsm,1950367
2023/Statistik-premiepension-2023-01-31.xlsm,https://www.pensionsmyndigheten.se/content/dam/pensionsmyndigheten/blanketter---broschyrer---faktablad/statistik/premiepension/m%C3%A5nadsstatistik/%C3%A4ldre-m%C3%A5nadsstatistik-%C3%B6ver-fondhandel/2023/Statistik-premiepension-2023-01-31.xlsm,1899049
2023/Statistik-Premiepension-2023-10-31.xlsm,https://www.pensionsmyndigheten.se/content/dam/pensionsmyndigheten/blanketter---broschyrer---faktablad/statistik/premiepension/m%C3%A5nadsstatistik/%C3%A4ldre-m%C3%A5nadsstatistik-%C3%B6ver-fondhandel/2023/Statistik-Premiepension-2023-10-31.xlsm,1950341
2023/Statistik-Premiepension-2023-07-31.xlsm,https://www.pensionsmyndigheten.se/content/dam/pensionsmyndigheten/blanketter---broschyrer---faktablad/statistik/premiepension/m%C3%A5nadsstatistik/%C3%A4ldre-m%C3%A5nadsstatistik-%C3%B6ver-fondhandel/2023/Statistik-Premiepension-2023-07-31.xlsm,1937097
2023/Statistik-Premiepension-2023-06-30.xlsm,https://www.pensionsmyndigheten.se/content/dam/pensionsmyndigheten/blanketter---broschyrer---faktablad/statistik/premiepension/m%C3%A5nadsstatistik/%C3%A4ldre-m%C3%A5nadsstatistik-%C3%B6ver-fondhandel/2023/Statistik-Premiepension-2023-06-30.xlsm,1933165
2022/Statistik premiepension 2022-12-31.xlsm,https://www.pensionsmyndigheten.se/content/dam/pensionsmyndigheten/blanketter---broschyrer---faktablad/statistik/premiepension/m%C3%A5nadsstatistik/%C3%A4ldre-m%C3%A5nadsstatistik-%C3%B6ver-fondhandel/2022/Statistik%20premiepension%202022-12-31.xlsm,1894502
2022/Statistik-Premiepension-2022-11-30.xlsm,https://www.pensionsmyndigheten.se/content/dam/pensionsmyndigheten/blanketter---broschyrer---faktablad/statistik/premiepension/m%C3%A5nadsstatistik/%C3%A4ldre-m%C3%A5nadsstatistik-%C3%B6ver-fondhandel/2022/Statistik-Premiepension-2022-11-30.xlsm,1892807
2022/Statistik-Premiepension-2022-10-31.xlsm,https://www.pensionsmyndigheten.se/content/dam/pensionsmyndigheten/blanketter---broschyrer---faktablad/statistik/premiepension/m%C3%A5nadsstatistik/%C3%A4ldre-m%C3%A5nadsstatistik-%C3%B6ver-fondhandel/2022/Statistik-Premiepension-2022-10-31.xlsm,1887732
2022/Statistik-premiepension-2022-09-30.xlsm,https://www.pensionsmyndigheten.se/content/dam/pensionsmyndigheten/blanketter---broschyrer---faktablad/statistik/premiepension/m%C3%A5nadsstatistik/%C3%A4ldre-m%C3%A5nadsstatistik-%C3%B6ver-fondhandel/2022/Statistik-premiepension-2022-09-30.xlsm,1882049
2022/Statistik-Premiepension-2022-08-31.xlsm,https://www.pensionsmyndigheten.se/content/dam/pensionsmyndigheten/blanketter---broschyrer---faktablad/statistik/premiepension/m%C3%A5nadsstatistik/%C3%A4ldre-m%C3%A5nadsstatistik-%C3%B6ver-fondhandel/2022/Statistik-Premiepension-2022-08-31.xlsm,1881154
2022/Statistik-Premiepension-2022-07-31.xlsm,https://www.pensionsmyndigheten.se/content/dam/pensionsmyndigheten/blanketter---broschyrer---faktablad/statistik/premiepension/m%C3%A5nadsstatistik/%C3%A4ldre-m%C3%A5nadsstatistik-%C3%B6ver-fondhandel/2022/Statistik-Premiepension-2022-07-31.xlsm,1877593
2022/Statistik-premiepension-2022-06-30.xlsm,https://www.pensionsmyndigheten.se/content/dam/pensionsmyndigheten/blanketter---broschyrer---faktablad/statistik/premiepension/m%C3%A5nadsstatistik/%C3%A4ldre-m%C3%A5nadsstatistik-%C3%B6ver-fondhandel/2022/Statistik-premiepension-2022-06-30.xlsm,1873612
2022/Statistik-Premiepension-2022-05-31.xlsm,https://www.pensionsmyndigheten.se/content/dam/pensionsmyndigheten/blanketter---broschyrer---faktablad/statistik/premiepension/m%C3%A5nadsstatistik/%C3%A4ldre-m%C3%A5nadsstatistik-%C3%B6ver-fondhandel/2022/Statistik-Premiepension-2022-05-31.xlsm,1873710
2022/Statistik-Premiepension-2022-04-30.xlsm,https://www.pensionsmyndigheten.se/content/dam/pensionsmyndigheten/blanketter---broschyrer---faktablad/statistik/premiepension/m%C3%A5nadsstatistik/%C3%A4ldre-m%C3%A5nadsstatistik-%C3%B6ver-fondhandel/2022/Statistik-Premiepension-2022-04-30.xlsm,1870718
2022/Statistik-Premiepension-2022-03-31.xlsm,https://www.pensionsmyndigheten.se/content/dam/pensionsmyndigheten/blanketter---broschyrer---faktablad/statistik/premiepension/m%C3%A5nadsstatistik/%C3%A4ldre-m%C3%A5nadsstatistik-%C3%B6ver-fondhandel/2022/Statistik-Premiepension-2022-03-31.xlsm,1867012
2022/Statistik-Premiepension-2022-02-28.xlsm,https://www.pensionsmyndigheten.se/content/dam/pensionsmyndigheten/blanketter---broschyrer---faktablad/statistik/premiepension/m%C3%A5nadsstatistik/%C3%A4ldre-m%C3%A5nadsstatistik-%C3%B6ver-fondhandel/2022/Statistik-Premiepension-2022-02-28.xlsm,1863331
2022/Statistik-Premiepension-2022-01-31.xlsm,https://www.pensionsmyndigheten.se/content/dam/pensionsmyndigheten/blanketter---broschyrer---faktablad/statistik/premiepension/m%C3%A5nadsstatistik/%C3%A4ldre-m%C3%A5nadsstatistik-%C3%B6ver-fondhandel/2022/Statistik-Premiepension-2022-01-31.xlsm,1859510
2021/Statistik-premiepension-2021-12-31.xlsm,https://www.pensionsmyndigheten.se/content/dam/pensionsmyndigheten/blanketter---broschyrer---faktablad/statistik/premiepension/m%C3%A5nadsstatistik/%C3%A4ldre-m%C3%A5nadsstatistik-%C3%B6ver-fondhandel/2021/Statistik-premiepension-2021-12-31.xlsm,1856338
2021/Statistik-premiepension-2021-11-30.xlsm,https://www.pensionsmyndigheten.se/content/dam/pensionsmyndigheten/blanketter---broschyrer---faktablad/statistik/premiepension/m%C3%A5nadsstatistik/%C3%A4ldre-m%C3%A5nadsstatistik-%C3%B6ver-fondhandel/2021/Statistik-premiepension-2021-11-30.xlsm,1849044
2021/Statistik-Premiepension-2021-10-31.xlsm,https://www.pensionsmyndigheten.se/content/dam/pensionsmyndigheten/blanketter---broschyrer---faktablad/statistik/premiepension/m%C3%A5nadsstatistik/%C3%A4ldre-m%C3%A5nadsstatistik-%C3%B6ver-fondhandel/2021/Statistik-Premiepension-2021-10-31.xlsm,1846311
2021/Statistik-premiepension-2021-09-30.xlsm,https://www.pensionsmyndigheten.se/content/dam/pensionsmyndigheten/blanketter---broschyrer---faktablad/statistik/premiepension/m%C3%A5nadsstatistik/%C3%A4ldre-m%C3%A5nadsstatistik-%C3%B6ver-fondhandel/2021/Statistik-premiepension-2021-09-30.xlsm,1034287
2021/Statistik-premiepension-2021-08-31.xlsm,https://www.pensionsmyndigheten.se/content/dam/pensionsmyndigheten/blanketter---broschyrer---faktablad/statistik/premiepension/m%C3%A5nadsstatistik/%C3%A4ldre-m%C3%A5nadsstatistik-%C3%B6ver-fondhandel/2021/Statistik-premiepension-2021-08-31.xlsm,1031644
2021/Statistik-premiepension-2021-07-31.xlsm,https://www.pensionsmyndigheten.se/content/dam/pensionsmyndigheten/blanketter---broschyrer---faktablad/statistik/premiepension/m%C3%A5nadsstatistik/%C3%A4ldre-m%C3%A5nadsstatistik-%C3%B6ver-fondhandel/2021/Statistik-premiepension-2021-07-31.xlsm,1031504
2021/Statistik-premiepension-2021-06-30.xlsm,https://www.pensionsmyndigheten.se/content/dam/pensionsmyndigheten/blanketter---broschyrer---faktablad/statistik/premiepension/m%C3%A5nadsstatistik/%C3%A4ldre-m%C3%A5nadsstatistik-%C3%B6ver-fondhandel/2021/Statistik-premiepension-2021-06-30.xlsm,1029373
2021/Statistik-Premiepension-2021-05-31.xlsm,https://www.pensionsmyndigheten.se/content/dam/pensionsmyndigheten/blanketter---broschyrer---faktablad/statistik/premiepension/m%C3%A5nadsstatistik/%C3%A4ldre-m%C3%A5nadsstatistik-%C3%B6ver-fondhandel/2021/Statistik-Premiepension-2021-05-31.xlsm,1030032
2021/Statistik-premiepension-2021-04-30.xlsm,https://www.pensionsmyndigheten.se/content/dam/pensionsmyndigheten/blanketter---broschyrer---faktablad/statistik/premiepension/m%C3%A5nadsstatistik/%C3%A4ldre-m%C3%A5nadsstatistik-%C3%B6ver-fondhandel/2021/Statistik-premiepension-2021-04-30.xlsm,1013733
2021/Statistik-Premiepension-2021-03-31.xlsm,https://www.pensionsmyndigheten.se/content/dam/pensionsmyndigheten/blanketter---broschyrer---faktablad/statistik/premiepension/m%C3%A5nadsstatistik/%C3%A4ldre-m%C3%A5nadsstatistik-%C3%B6ver-fondhandel/2021/Statistik-Premiepension-2021-03-31.xlsm,1015198
2021/Statistik-Premiepension-2021-02-28.xlsm,https://www.pensionsmyndigheten.se/content/dam/pensionsmyndigheten/blanketter---broschyrer---faktablad/statistik/premiepension/m%C3%A5nadsstatistik/%C3%A4ldre-m%C3%A5nadsstatistik-%C3%B6ver-fondhandel/2021/Statistik-Premiepension-2021-02-28.xlsm,1018091
2021/Statistik-Premiepension-2021-01-31.xlsm,https://www.pensionsmyndigheten.se/content/dam/pensionsmyndigheten/blanketter---broschyrer---faktablad/statistik/premiepension/m%C3%A5nadsstatistik/%C3%A4ldre-m%C3%A5nadsstatistik-%C3%B6ver-fondhandel/2021/Statistik-Premiepension-2021-01-31.xlsm,1018760
2020/Kopia av Statistik-Premiepension-2020-12-31.xlsm,https://www.pensionsmyndigheten.se/content/dam/pensionsmyndigheten/blanketter---broschyrer---faktablad/statistik/premiepension/m%C3%A5nadsstatistik/%C3%A4ldre-m%C3%A5nadsstatistik-%C3%B6ver-fondhandel/2020/Kopia%20av%20Statistik-Premiepension-2020-12-31.xlsm,1017450
2020/Statistik-Premiepension-2020-11-30.xlsm,https://www.pensionsmyndigheten.se/content/dam/pensionsmyndigheten/blanketter---broschyrer---faktablad/statistik/premiepension/m%C3%A5nadsstatistik/%C3%A4ldre-m%C3%A5nadsstatistik-%C3%B6ver-fondhandel/2020/Statistik-Premiepension-2020-11-30.xlsm,1016102
2020/Statistik-Premiepension-2020-10-31.xlsm,https://www.pensionsmyndigheten.se/content/dam/pensionsmyndigheten/blanketter---broschyrer---faktablad/statistik/premiepension/m%C3%A5nadsstatistik/%C3%A4ldre-m%C3%A5nadsstatistik-%C3%B6ver-fondhandel/2020/Statistik-Premiepension-2020-10-31.xlsm,1015296
2020/Statistik-Premiepension-2020-09-30.xlsm,https://www.pensionsmyndigheten.se/content/dam/pensionsmyndigheten/blanketter---broschyrer---faktablad/statistik/premiepension/m%C3%A5nadsstatistik/%C3%A4ldre-m%C3%A5nadsstatistik-%C3%B6ver-fondhandel/2020/Statistik-Premiepension-2020-09-30.xlsm,1018603
2020/Statistik Premiepension 2020-08-31.xlsm,https://www.pensionsmyndigheten.se/content/dam/pensionsmyndigheten/blanketter---broschyrer---faktablad/statistik/premiepension/m%C3%A5nadsstatistik/%C3%A4ldre-m%C3%A5nadsstatistik-%C3%B6ver-fondhandel/2020/Statistik%20Premiepension%202020-08-31.xlsm,1009935
2020/Kopia av Statistik Premiepension 2020-07-31.xlsm,https://www.pensionsmyndigheten.se/content/dam/pensionsmyndigheten/blanketter---broschyrer---faktablad/statistik/premiepension/m%C3%A5nadsstatistik/%C3%A4ldre-m%C3%A5nadsstatistik-%C3%B6ver-fondhandel/2020/Kopia%20av%20Statistik%20Premiepension%202020-07-31.xlsm,1008603
2020/Kopia av Statistik Premiepension 2020-06-30.xlsm,https://www.pensionsmyndigheten.se/content/dam/pensionsmyndigheten/blanketter---broschyrer---faktablad/statistik/premiepension/m%C3%A5nadsstatistik/%C3%A4ldre-m%C3%A5nadsstatistik-%C3%B6ver-fondhandel/2020/Kopia%20av%20Statistik%20Premiepension%202020-06-30.xlsm,1005426
2020/Statistik Premiepension 2020-05-31.xlsm,https://www.pensionsmyndigheten.se/content/dam/pensionsmyndigheten/blanketter---broschyrer---faktablad/statistik/premiepension/m%C3%A5nadsstatistik/%C3%A4ldre-m%C3%A5nadsstatistik-%C3%B6ver-fondhandel/2020/Statistik%20Premiepension%202020-05-31.xlsm,1004868
2020/Statistik Premiepension 2020-04-30.xlsm,https://www.pensionsmyndigheten.se/content/dam/pensionsmyndigheten/blanketter---broschyrer---faktablad/statistik/premiepension/m%C3%A5nadsstatistik/%C3%A4ldre-m%C3%A5nadsstatistik-%C3%B6ver-fondhandel/2020/Statistik%20Premiepension%202020-04-30.xlsm,1003464
2020/Statistik Premiepension 2020-03-31.xlsm,https://www.pensionsmyndigheten.se/content/dam/pensionsmyndigheten/blanketter---broschyrer---faktablad/statistik/premiepension/m%C3%A5nadsstatistik/%C3%A4ldre-m%C3%A5nadsstatistik-%C3%B6ver-fondhandel/2020/Statistik%20Premiepension%202020-03-31.xlsm,1004291
2020/Kopia av Statistik Premiepension 2020-02-29.xlsm,https://www.pensionsmyndigheten.se/content/dam/pensionsmyndigheten/blanketter---broschyrer---faktablad/statistik/premiepension/m%C3%A5nadsstatistik/%C3%A4ldre-m%C3%A5nadsstatistik-%C3%B6ver-fondhandel/2020/Kopia%20av%20Statistik%20Premiepension%202020-02-29.xlsm,874487
2020/Statistik Premiepension 2020-01-31.xlsm,https://www.pensionsmyndigheten.se/content/dam/pensionsmyndigheten/blanketter---broschyrer---faktablad/statistik/premiepension/m%C3%A5nadsstatistik/%C3%A4ldre-m%C3%A5nadsstatistik-%C3%B6ver-fondhandel/2020/Statistik%20Premiepension%202020-01-31.xlsm,870922
2019/Statistik Premiepension 2019-08-31.xlsm,https://www.pensionsmyndigheten.se/content/dam/pensionsmyndigheten/blanketter---broschyrer---faktablad/statistik/premiepension/m%C3%A5nadsstatistik/%C3%A4ldre-m%C3%A5nadsstatistik-%C3%B6ver-fondhandel/2019/Statistik%20Premiepension%202019-08-31.xlsm,869303
2019/Statistik Premiepension 2019-12-31.xlsm,https://www.pensionsmyndigheten.se/content/dam/pensionsmyndigheten/blanketter---broschyrer---faktablad/statistik/premiepension/m%C3%A5nadsstatistik/%C3%A4ldre-m%C3%A5nadsstatistik-%C3%B6ver-fondhandel/2019/Statistik%20Premiepension%202019-12-31.xlsm,837088
2019/Statistik Premiepension 2019-11-30.xlsm,https://www.pensionsmyndigheten.se/content/dam/pensionsmyndigheten/blanketter---broschyrer---faktablad/statistik/premiepension/m%C3%A5nadsstatistik/%C3%A4ldre-m%C3%A5nadsstatistik-%C3%B6ver-fondhandel/2019/Statistik%20Premiepension%202019-11-30.xlsm,870621
2019/Statistik Premiepension 2019-05-31.xlsm,https://www.pensionsmyndigheten.se/content/dam/pensionsmyndigheten/blanketter---broschyrer---faktablad/statistik/premiepension/m%C3%A5nadsstatistik/%C3%A4ldre-m%C3%A5nadsstatistik-%C3%B6ver-fondhandel/2019/Statistik%20Premiepension%202019-05-31.xlsm,878197
2019/Statistik Premiepension 2019-03-31.xlsm,https://www.pensionsmyndigheten.se/content/dam/pensionsmyndigheten/blanketter---broschyrer---faktablad/statistik/premiepension/m%C3%A5nadsstatistik/%C3%A4ldre-m%C3%A5nadsstatistik-%C3%B6ver-fondhandel/2019/Statistik%20Premiepension%202019-03-31.xlsm,892985
2019/Statistik Premiepension 2019-04-30.xlsm,https://www.pensionsmyndigheten.se/content/dam/pensionsmyndigheten/blanketter---broschyrer---faktablad/statistik/premiepension/m%C3%A5nadsstatistik/%C3%A4ldre-m%C3%A5nadsstatistik-%C3%B6ver-fondhandel/2019/Statistik%20Premiepension%202019-04-30.xlsm,886283
2019/Statistik Premiepension 2019-09-30.xlsm,https://www.pensionsmyndigheten.se/content/dam/pensionsmyndigheten/blanketter---broschyrer---faktablad/statistik/premiepension/m%C3%A5nadsstatistik/%C3%A4ldre-m%C3%A5nadsstatistik-%C3%B6ver-fondhandel/2019/Statistik%20Premiepension%202019-09-30.xlsm,868890
2019/Statistik Premiepension 2019-01-31.xlsm,https://www.pensionsmyndigheten.se/content/dam/pensionsmyndigheten/blanketter---broschyrer---faktablad/statistik/premiepension/m%C3%A5nadsstatistik/%C3%A4ldre-m%C3%A5nadsstatistik-%C3%B6ver-fondhandel/2019/Statistik%20Premiepension%202019-01-31.xlsm,905940
2019/Statistik Premiepension 2019-06-30.xlsm,https://www.pensionsmyndigheten.se/content/dam/pensionsmyndigheten/blanketter---broschyrer---faktablad/statistik/premiepension/m%C3%A5nadsstatistik/%C3%A4ldre-m%C3%A5nadsstatistik-%C3%B6ver-fondhandel/2019/Statistik%20Premiepension%202019-06-30.xlsm,869409
2019/Statistik Premiepension 2019-02-28.xlsm,https://www.pensionsmyndigheten.se/content/dam/pensionsmyndigheten/blanketter---broschyrer---faktablad/statistik/premiepension/m%C3%A5nadsstatistik/%C3%A4ldre-m%C3%A5nadsstatistik-%C3%B6ver-fondhandel/2019/Statistik%20Premiepension%202019-02-28.xlsm,905412
2019/Statistik Premiepension 2019-10-31.xlsm,https://www.pensionsmyndigheten.se/content/dam/pensionsmyndigheten/blanketter---broschyrer---faktablad/statistik/premiepension/m%C3%A5nadsstatistik/%C3%A4ldre-m%C3%A5nadsstatistik-%C3%B6ver-fondhandel/2019/Statistik%20Premiepension%202019-10-31.xlsm,866881
2019/Statistik Premiepension 2019-07-31.xlsm,https://www.pensionsmyndigheten.se/content/dam/pensionsmyndigheten/blanketter---broschyrer---faktablad/statistik/premiepension/m%C3%A5nadsstatistik/%C3%A4ldre-m%C3%A5nadsstatistik-%C3%B6ver-fondhandel/2019/Statistik%20Premiepension%202019-07-31.xlsm,869898
2018/Statistik Premiepension 2018-01-31.xlsm,https://www.pensionsmyndigheten.se/content/dam/pensionsmyndigheten/blanketter---broschyrer---faktablad/statistik/premiepension/m%C3%A5nadsstatistik/%C3%A4ldre-m%C3%A5nadsstatistik-%C3%B6ver-fondhandel/2018/Statistik%20Premiepension%202018-01-31.xlsm,810985
2018/Statistik Premiepension 2018-04-30.xlsm,https://www.pensionsmyndigheten.se/content/dam/pensionsmyndigheten/blanketter---broschyrer---faktablad/statistik/premiepension/m%C3%A5nadsstatistik/%C3%A4ldre-m%C3%A5nadsstatistik-%C3%B6ver-fondhandel/2018/Statistik%20Premiepension%202018-04-30.xlsm,834696
2018/Statistik Premiepension 2018-09-30.xlsm,https://www.pensionsmyndigheten.se/content/dam/pensionsmyndigheten/blanketter---broschyrer---faktablad/statistik/premiepension/m%C3%A5nadsstatistik/%C3%A4ldre-m%C3%A5nadsstatistik-%C3%B6ver-fondhandel/2018/Statistik%20Premiepension%202018-09-30.xlsm,888483
2018/Statistik Premiepension 2018-02-28.xlsm,https://www.pensionsmyndigheten.se/content/dam/pensionsmyndigheten/blanketter---broschyrer---faktablad/statistik/premiepension/m%C3%A5nadsstatistik/%C3%A4ldre-m%C3%A5nadsstatistik-%C3%B6ver-fondhandel/2018/Statistik%20Premiepension%202018-02-28.xlsm,806767
2018/Statistik Premiepension 2018-05-31.xlsm,https://www.pensionsmyndigheten.se/content/dam/pensionsmyndigheten/blanketter---broschyrer---faktablad/statistik/premiepension/m%C3%A5nadsstatistik/%C3%A4ldre-m%C3%A5nadsstatistik-%C3%B6ver-fondhandel/2018/Statistik%20Premiepension%202018-05-31.xlsm,834889
2018/Statistik Premiepension 2018-08-31.xlsm,https://www.pensionsmyndigheten.se/content/dam/pensionsmyndigheten/blanketter---broschyrer---faktablad/statistik/premiepension/m%C3%A5nadsstatistik/%C3%A4ldre-m%C3%A5nadsstatistik-%C3%B6ver-fondhandel/2018/Statistik%20Premiepension%202018-08-31.xlsm,879219
2018/Statistik Premiepension 2018-03-31.xlsm,https://www.pensionsmyndigheten.se/content/dam/pensionsmyndigheten/blanketter---broschyrer---faktablad/statistik/premiepension/m%C3%A5nadsstatistik/%C3%A4ldre-m%C3%A5nadsstatistik-%C3%B6ver-fondhandel/2018/Statistik%20Premiepension%202018-03-31.xlsm,807522
2018/Statistik Premiepension 2018-12-31.xlsm,https://www.pensionsmyndigheten.se/content/dam/pensionsmyndigheten/blanketter---broschyrer---faktablad/statistik/premiepension/m%C3%A5nadsstatistik/%C3%A4ldre-m%C3%A5nadsstatistik-%C3%B6ver-fondhandel/2018/Statistik%20Premiepension%202018-12-31.xlsm,907366
2018/Statistik Premiepension 2018-11-30.xlsm,https://www.pensionsmyndigheten.se/content/dam/pensionsmyndigheten/blanketter---broschyrer---faktablad/statistik/premiepension/m%C3%A5nadsstatistik/%C3%A4ldre-m%C3%A5nadsstatistik-%C3%B6ver-fondhandel/2018/Statistik%20Premiepension%202018-11-30.xlsm,909869
2018/Statistik Premiepension 2018-10-31.xlsm,https://www.pensionsmyndigheten.se/content/dam/pensionsmyndigheten/blanketter---broschyrer---faktablad/statistik/premiepension/m%C3%A5nadsstatistik/%C3%A4ldre-m%C3%A5nadsstatistik-%C3%B6ver-fondhandel/2018/Statistik%20Premiepension%202018-10-31.xlsm,913731
2018/Statistik Premiepension 2018-06-30.v2.xlsm,https://www.pensionsmyndigheten.se/content/dam/pensionsmyndigheten/blanketter---broschyrer---faktablad/statistik/premiepension/m%C3%A5nadsstatistik/%C3%A4ldre-m%C3%A5nadsstatistik-%C3%B6ver-fondhandel/2018/Statistik%20Premiepension%202018-06-30.v2.xlsm,873894
2018/Statistik Premiepension 2018-07-31.xlsm,https://www.pensionsmyndigheten.se/content/dam/pensionsmyndigheten/blanketter---broschyrer---faktablad/statistik/premiepension/m%C3%A5nadsstatistik/%C3%A4ldre-m%C3%A5nadsstatistik-%C3%B6ver-fondhandel/2018/Statistik%20Premiepension%202018-07-31.xlsm,877913
2017/Lista av tidigare fondkategorier och de nya som f_rekommer i m_nadsstatistiken.xlsx,https://www.pensionsmyndigheten.se/content/dam/pensionsmyndigheten/blanketter---broschyrer---faktablad/statistik/premiepension/m%C3%A5nadsstatistik/%C3%A4ldre-m%C3%A5nadsstatistik-%C3%B6ver-fondhandel/2017/Lista%20av%20tidigare%20fondkategorier%20och%20de%20nya%20som%20f%C3%B6rekommer%20i%20m%C3%A5nadsstatistiken.xlsx,59743
2017/Statistik Premiepension 2017-10-31.xlsm,https://www.pensionsmyndigheten.se/content/dam/pensionsmyndigheten/blanketter---broschyrer---faktablad/statistik/premiepension/m%C3%A5nadsstatistik/%C3%A4ldre-m%C3%A5nadsstatistik-%C3%B6ver-fondhandel/2017/Statistik%20Premiepension%202017-10-31.xlsm,808295
2017/Statistik Premiepension 2017-01-31.xlsm,https://www.pensionsmyndigheten.se/content/dam/pensionsmyndigheten/blanketter---broschyrer---faktablad/statistik/premiepension/m%C3%A5nadsstatistik/%C3%A4ldre-m%C3%A5nadsstatistik-%C3%B6ver-fondhandel/2017/Statistik%20Premiepension%202017-01-31.xlsm,930206
2017/Statistik Premiepension 2017-06-30.xlsm,https://www.pensionsmyndigheten.se/content/dam/pensionsmyndigheten/blanketter---broschyrer---faktablad/statistik/premiepension/m%C3%A5nadsstatistik/%C3%A4ldre-m%C3%A5nadsstatistik-%C3%B6ver-fondhandel/2017/Statistik%20Premiepension%202017-06-30.xlsm,917552
2017/Statistik Premiepension 2017-09-30.xlsm,https://www.pensionsmyndigheten.se/content/dam/pensionsmyndigheten/blanketter---broschyrer---faktablad/statistik/premiepension/m%C3%A5nadsstatistik/%C3%A4ldre-m%C3%A5nadsstatistik-%C3%B6ver-fondhandel/2017/Statistik%20Premiepension%202017-09-30.xlsm,801827
2017/Statistik Premiepension 2017-12-31.xlsm,https://www.pensionsmyndigheten.se/content/dam/pensionsmyndigheten/blanketter---broschyrer---faktablad/statistik/premiepension/m%C3%A5nadsstatistik/%C3%A4ldre-m%C3%A5nadsstatistik-%C3%B6ver-fondhandel/2017/Statistik%20Premiepension%202017-12-31.xlsm,807295
2017/Statistik premiepension 2017-08-31.xlsm,https://www.pensionsmyndigheten.se/content/dam/pensionsmyndigheten/blanketter---broschyrer---faktablad/statistik/premiepension/m%C3%A5nadsstatistik/%C3%A4ldre-m%C3%A5nadsstatistik-%C3%B6ver-fondhandel/2017/Statistik%20premiepension%202017-08-31.xlsm,915201
2017/Statistik Premiepension 2017-03-31.xlsm,https://www.pensionsmyndigheten.se/content/dam/pensionsmyndigheten/blanketter---broschyrer---faktablad/statistik/premiepension/m%C3%A5nadsstatistik/%C3%A4ldre-m%C3%A5nadsstatistik-%C3%B6ver-fondhandel/2017/Statistik%20Premiepension%202017-03-31.xlsm,931324
2017/Statistik Premiepension 2017-04-30.xlsm,https://www.pensionsmyndigheten.se/content/dam/pensionsmyndigheten/blanketter---broschyrer---faktablad/statistik/premiepension/m%C3%A5nadsstatistik/%C3%A4ldre-m%C3%A5nadsstatistik-%C3%B6ver-fondhandel/2017/Statistik%20Premiepension%202017-04-30.xlsm,933432
2017/Statistik Premiepension 2017-02-28.xlsm,https://www.pensionsmyndigheten.se/content/dam/pensionsmyndigheten/blanketter---broschyrer---faktablad/statistik/premiepension/m%C3%A5nadsstatistik/%C3%A4ldre-m%C3%A5nadsstatistik-%C3%B6ver-fondhandel/2017/Statistik%20Premiepension%202017-02-28.xlsm,931380
2017/Statistik Premiepension 2017-05-31.xlsm,https://www.pensionsmyndigheten.se/content/dam/pensionsmyndigheten/blanketter---broschyrer---faktablad/statistik/premiepension/m%C3%A5nadsstatistik/%C3%A4ldre-m%C3%A5nadsstatistik-%C3%B6ver-fondhandel/2017/Statistik%20Premiepension%202017-05-31.xlsm,933293
2017/Statistik Premiepension 2017-11-30.xlsm,https://www.pensionsmyndigheten.se/content/dam/pensionsmyndigheten/blanketter---broschyrer---faktablad/statistik/premiepension/m%C3%A5nadsstatistik/%C3%A4ldre-m%C3%A5nadsstatistik-%C3%B6ver-fondhandel/2017/Statistik%20Premiepension%202017-11-30.xlsm,808759
2017/Statistik Premiepension 2017-07-31.xlsm,https://www.pensionsmyndigheten.se/content/dam/pensionsmyndigheten/blanketter---broschyrer---faktablad/statistik/premiepension/m%C3%A5nadsstatistik/%C3%A4ldre-m%C3%A5nadsstatistik-%C3%B6ver-fondhandel/2017/Statistik%20Premiepension%202017-07-31.xlsm,913750
2016/Statistik premiepension 2016-12-31.xlsm,https://www.pensionsmyndigheten.se/content/dam/pensionsmyndigheten/blanketter---broschyrer---faktablad/statistik/premiepension/m%C3%A5nadsstatistik/%C3%A4ldre-m%C3%A5nadsstatistik-%C3%B6ver-fondhandel/2016/Statistik%20premiepension%202016-12-31.xlsm,927113
2016/PM 161031.xlsm,https://www.pensionsmyndigheten.se/content/dam/pensionsmyndigheten/blanketter---broschyrer---faktablad/statistik/premiepension/m%C3%A5nadsstatistik/%C3%A4ldre-m%C3%A5nadsstatistik-%C3%B6ver-fondhandel/2016/PM%2B161031.xlsm,924754
2016/M_nadsstatistik fonder och fondsparande 160731.xlsm,https://www.pensionsmyndigheten.se/content/dam/pensionsmyndigheten/blanketter---broschyrer---faktablad/statistik/premiepension/m%C3%A5nadsstatistik/%C3%A4ldre-m%C3%A5nadsstatistik-%C3%B6ver-fondhandel/2016/M%C3%A5nadsstatistik%20fonder%20och%20fondsparande%20160731.xlsm,944015
2016/PM 161130.xlsm,https://www.pensionsmyndigheten.se/content/dam/pensionsmyndigheten/blanketter---broschyrer---faktablad/statistik/premiepension/m%C3%A5nadsstatistik/%C3%A4ldre-m%C3%A5nadsstatistik-%C3%B6ver-fondhandel/2016/PM%2B161130.xlsm,925146
2016/PM 160331.xlsm,https://www.pensionsmyndigheten.se/content/dam/pensionsmyndigheten/blanketter---broschyrer---faktablad/statistik/premiepension/m%C3%A5nadsstatistik/%C3%A4ldre-m%C3%A5nadsstatistik-%C3%B6ver-fondhandel/2016/PM%2B160331.xlsm,952794
2016/PM 160630.xlsm,https://www.pensionsmyndigheten.se/content/dam/pensionsmyndigheten/blanketter---broschyrer---faktablad/statistik/premiepension/m%C3%A5nadsstatistik/%C3%A4ldre-m%C3%A5nadsstatistik-%C3%B6ver-fondhandel/2016/PM%2B160630.xlsm,955325
2016/M_nadsstatistik fonder och fondsparande 160831.xlsm,https://www.pensionsmyndigheten.se/content/dam/pensionsmyndigheten/blanketter---broschyrer---faktablad/statistik/premiepension/m%C3%A5nadsstatistik/%C3%A4ldre-m%C3%A5nadsstatistik-%C3%B6ver-fondhandel/2016/M%C3%A5nadsstatistik%20fonder%20och%20fondsparande%20160831.xlsm,945952
2016/PM 160930.xlsm,https://www.pensionsmyndigheten.se/content/dam/pensionsmyndigheten/blanketter---broschyrer---faktablad/statistik/premiepension/m%C3%A5nadsstatistik/%C3%A4ldre-m%C3%A5nadsstatistik-%C3%B6ver-fondhandel/2016/PM%2B160930.xlsm,957851
2016/PM 160229.xlsm,https://www.pensionsmyndigheten.se/content/dam/pensionsmyndigheten/blanketter---broschyrer---faktablad/statistik/premiepension/m%C3%A5nadsstatistik/%C3%A4ldre-m%C3%A5nadsstatistik-%C3%B6ver-fondhandel/2016/PM%2B160229.xlsm,936875
2016/PM 160531.xlsm,https://www.pensionsmyndigheten.se/content/dam/pensionsmyndigheten/blanketter---broschyrer---faktablad/statistik/premiepension/m%C3%A5nadsstatistik/%C3%A4ldre-m%C3%A5nadsstatistik-%C3%B6ver-fondhandel/2016/PM%2B160531.xlsm,952455
2016/PM 160131.xlsm,https://www.pensionsmyndigheten.se/content/dam/pensionsmyndigheten/blanketter---broschyrer---faktablad/statistik/premiepension/m%C3%A5nadsstatistik/%C3%A4ldre-m%C3%A5nadsstatistik-%C3%B6ver-fondhandel/2016/PM%2B160131.xlsm,965157
2016/PM 160430.xlsm,https://www.pensionsmyndigheten.se/content/dam/pensionsmyndigheten/blanketter---broschyrer---faktablad/statistik/premiepension/m%C3%A5nadsstatistik/%C3%A4ldre-m%C3%A5nadsstatistik-%C3%B6ver-fondhandel/2016/PM%2B160430.xlsm,951440
2015/PM 150831.xlsm,https://www.pensionsmyndigheten.se/content/dam/pensionsmyndigheten/blanketter---broschyrer---faktablad/statistik/premiepension/m%C3%A5nadsstatistik/%C3%A4ldre-m%C3%A5nadsstatistik-%C3%B6ver-fondhandel/2015/PM%2B150831.xlsm,959217
2015/PM 150930.xlsm,https://www.pensionsmyndigheten.se/content/dam/pensionsmyndigheten/blanketter---broschyrer---faktablad/statistik/premiepension/m%C3%A5nadsstatistik/%C3%A4ldre-m%C3%A5nadsstatistik-%C3%B6ver-fondhandel/2015/PM%2B150930.xlsm,957206
2015/PM 150531.xlsm,https://www.pensionsmyndigheten.se/content/dam/pensionsmyndigheten/blanketter---broschyrer---faktablad/statistik/premiepension/m%C3%A5nadsstatistik/%C3%A4ldre-m%C3%A5nadsstatistik-%C3%B6ver-fondhandel/2015/PM%2B150531.xlsm,948111
2015/PM 150331.xlsm,https://www.pensionsmyndigheten.se/content/dam/pensionsmyndigheten/blanketter---broschyrer---faktablad/statistik/premiepension/m%C3%A5nadsstatistik/%C3%A4ldre-m%C3%A5nadsstatistik-%C3%B6ver-fondhandel/2015/PM%2B150331.xlsm,953324
2015/PM 150630.xlsm,https://www.pensionsmyndigheten.se/content/dam/pensionsmyndigheten/blanketter---broschyrer---faktablad/statistik/premiepension/m%C3%A5nadsstatistik/%C3%A4ldre-m%C3%A5nadsstatistik-%C3%B6ver-fondhandel/2015/PM%2B150630.xlsm,971188
2015/PM 150228.xlsm,https://www.pensionsmyndigheten.se/content/dam/pensionsmyndigheten/blanketter---broschyrer---faktablad/statistik/premiepension/m%C3%A5nadsstatistik/%C3%A4ldre-m%C3%A5nadsstatistik-%C3%B6ver-fondhandel/2015/PM%2B150228.xlsm,992442
2015/PM 150731.xlsm,https://www.pensionsmyndigheten.se/content/dam/pensionsmyndigheten/blanketter---broschyrer---faktablad/statistik/premiepension/m%C3%A5nadsstatistik/%C3%A4ldre-m%C3%A5nadsstatistik-%C3%B6ver-fondhandel/2015/PM%2B150731.xlsm,971632
2015/PM 150131.xlsm,https://www.pensionsmyndigheten.se/content/dam/pensionsmyndigheten/blanketter---broschyrer---faktablad/statistik/premiepension/m%C3%A5nadsstatistik/%C3%A4ldre-m%C3%A5nadsstatistik-%C3%B6ver-fondhandel/2015/PM%2B150131.xlsm,958073
2015/PM 150430.xlsm,https://www.pensionsmyndigheten.se/content/dam/pensionsmyndigheten/blanketter---broschyrer---faktablad/statistik/premiepension/m%C3%A5nadsstatistik/%C3%A4ldre-m%C3%A5nadsstatistik-%C3%B6ver-fondhandel/2015/PM%2B150430.xlsm,950716
2015/PM 151130.xlsm,https://www.pensionsmyndigheten.se/content/dam/pensionsmyndigheten/blanketter---broschyrer---faktablad/statistik/premiepension/m%C3%A5nadsstatistik/%C3%A4ldre-m%C3%A5nadsstatistik-%C3%B6ver-fondhandel/2015/PM%2B151130.xlsm,963193
2015/PM 151031.xlsm,https://www.pensionsmyndigheten.se/content/dam/pensionsmyndigheten/blanketter---broschyrer---faktablad/statistik/premiepension/m%C3%A5nadsstatistik/%C3%A4ldre-m%C3%A5nadsstatistik-%C3%B6ver-fondhandel/2015/PM%2B151031.xlsm,958094
2015/PM 151231.xlsm,https://www.pensionsmyndigheten.se/content/dam/pensionsmyndigheten/blanketter---broschyrer---faktablad/statistik/premiepension/m%C3%A5nadsstatistik/%C3%A4ldre-m%C3%A5nadsstatistik-%C3%B6ver-fondhandel/2015/PM%2B151231.xlsm,952359
2014/PM 140131.xlsm,https://www.pensionsmyndigheten.se/content/dam/pensionsmyndigheten/blanketter---broschyrer---faktablad/statistik/premiepension/m%C3%A5nadsstatistik/%C3%A4ldre-m%C3%A5nadsstatistik-%C3%B6ver-fondhandel/2014/PM%2B140131.xlsm,1906174
2014/PM 140430.xlsm,https://www.pensionsmyndigheten.se/content/dam/pensionsmyndigheten/blanketter---broschyrer---faktablad/statistik/premiepension/m%C3%A5nadsstatistik/%C3%A4ldre-m%C3%A5nadsstatistik-%C3%B6ver-fondhandel/2014/PM%2B140430.xlsm,1907435
2014/PM 140731.xlsm,https://www.pensionsmyndigheten.se/content/dam/pensionsmyndigheten/blanketter---broschyrer---faktablad/statistik/premiepension/m%C3%A5nadsstatistik/%C3%A4ldre-m%C3%A5nadsstatistik-%C3%B6ver-fondhandel/2014/PM%2B140731.xlsm,1916848
2014/PM 140331.xlsm,https://www.pensionsmyndigheten.se/content/dam/pensionsmyndigheten/blanketter---broschyrer---faktablad/statistik/premiepension/m%C3%A5nadsstatistik/%C3%A4ldre-m%C3%A5nadsstatistik-%C3%B6ver-fondhandel/2014/PM%2B140331.xlsm,1906001
2014/PM 141130.xlsm,https://www.pensionsmyndigheten.se/content/dam/pensionsmyndigheten/blanketter---broschyrer---faktablad/statistik/premiepension/m%C3%A5nadsstatistik/%C3%A4ldre-m%C3%A5nadsstatistik-%C3%B6ver-fondhandel/2014/PM%2B141130.xlsm,941783
2014/PM 141231.xlsm,https://www.pensionsmyndigheten.se/content/dam/pensionsmyndigheten/blanketter---broschyrer---faktablad/statistik/premiepension/m%C3%A5nadsstatistik/%C3%A4ldre-m%C3%A5nadsstatistik-%C3%B6ver-fondhandel/2014/PM%2B141231.xlsm,941386
2014/PM 141031.xlsm,https://www.pensionsmyndigheten.se/content/dam/pensionsmyndigheten/blanketter---broschyrer---faktablad/statistik/premiepension/m%C3%A5nadsstatistik/%C3%A4ldre-m%C3%A5nadsstatistik-%C3%B6ver-fondhandel/2014/PM%2B141031.xlsm,940587
2014/PM 140531.xlsm,https://www.pensionsmyndigheten.se/content/dam/pensionsmyndigheten/blanketter---broschyrer---faktablad/statistik/premiepension/m%C3%A5nadsstatistik/%C3%A4ldre-m%C3%A5nadsstatistik-%C3%B6ver-fondhandel/2014/PM%2B140531.xlsm,1907869
2014/PM 140831.xlsm,https://www.pensionsmyndigheten.se/content/dam/pensionsmyndigheten/blanketter---broschyrer---faktablad/statistik/premiepension/m%C3%A5nadsstatistik/%C3%A4ldre-m%C3%A5nadsstatistik-%C3%B6ver-fondhandel/2014/PM%2B140831.xlsm,945365
2014/PM 140630.xlsm,https://www.pensionsmyndigheten.se/content/dam/pensionsmyndigheten/blanketter---broschyrer---faktablad/statistik/premiepension/m%C3%A5nadsstatistik/%C3%A4ldre-m%C3%A5nadsstatistik-%C3%B6ver-fondhandel/2014/PM%2B140630.xlsm,1882504
2014/PM 140930.xlsm,https://www.pensionsmyndigheten.se/content/dam/pensionsmyndigheten/blanketter---broschyrer---faktablad/statistik/premiepension/m%C3%A5nadsstatistik/%C3%A4ldre-m%C3%A5nadsstatistik-%C3%B6ver-fondhandel/2014/PM%2B140930.xlsm,937280
2014/PM 140228.xlsm,https://www.pensionsmyndigheten.se/content/dam/pensionsmyndigheten/blanketter---broschyrer---faktablad/statistik/premiepension/m%C3%A5nadsstatistik/%C3%A4ldre-m%C3%A5nadsstatistik-%C3%B6ver-fondhandel/2014/PM%2B140228.xlsm,1903498
2013/PM 131231.xlsm,https://www.pensionsmyndigheten.se/content/dam/pensionsmyndigheten/blanketter---broschyrer---faktablad/statistik/premiepension/m%C3%A5nadsstatistik/%C3%A4ldre-m%C3%A5nadsstatistik-%C3%B6ver-fondhandel/2013/PM%2B131231.xlsm,1912942
2013/PM 131130.xlsm,https://www.pensionsmyndigheten.se/content/dam/pensionsmyndigheten/blanketter---broschyrer---faktablad/statistik/premiepension/m%C3%A5nadsstatistik/%C3%A4ldre-m%C3%A5nadsstatistik-%C3%B6ver-fondhandel/2013/PM%2B131130.xlsm,1908258
2013/PM 130531.xlsm,https://www.pensionsmyndigheten.se/content/dam/pensionsmyndigheten/blanketter---broschyrer---faktablad/statistik/premiepension/m%C3%A5nadsstatistik/%C3%A4ldre-m%C3%A5nadsstatistik-%C3%B6ver-fondhandel/2013/PM%2B130531.xlsm,929547
2013/PM 130228.xlsm,https://www.pensionsmyndigheten.se/content/dam/pensionsmyndigheten/blanketter---broschyrer---faktablad/statistik/premiepension/m%C3%A5nadsstatistik/%C3%A4ldre-m%C3%A5nadsstatistik-%C3%B6ver-fondhandel/2013/PM%2B130228.xlsm,948375
2013/PM 130930.xlsm,https://www.pensionsmyndigheten.se/content/dam/pensionsmyndigheten/blanketter---broschyrer---faktablad/statistik/premiepension/m%C3%A5nadsstatistik/%C3%A4ldre-m%C3%A5nadsstatistik-%C3%B6ver-fondhandel/2013/PM%2B130930.xlsm,1873812
2013/PM 130831.xlsm,https://www.pensionsmyndigheten.se/content/dam/pensionsmyndigheten/blanketter---broschyrer---faktablad/statistik/premiepension/m%C3%A5nadsstatistik/%C3%A4ldre-m%C3%A5nadsstatistik-%C3%B6ver-fondhandel/2013/PM%2B130831.xlsm,1915156
2013/PM 130131.xlsm,https://www.pensionsmyndigheten.se/content/dam/pensionsmyndigheten/blanketter---broschyrer---faktablad/statistik/premiepension/m%C3%A5nadsstatistik/%C3%A4ldre-m%C3%A5nadsstatistik-%C3%B6ver-fondhandel/2013/PM%2B130131.xlsm,946924
2013/PM 130430.xlsm,https://www.pensionsmyndigheten.se/content/dam/pensionsmyndigheten/blanketter---broschyrer---faktablad/statistik/premiepension/m%C3%A5nadsstatistik/%C3%A4ldre-m%C3%A5nadsstatistik-%C3%B6ver-fondhandel/2013/PM%2B130430.xlsm,922959
2013/PM 130731.xlsm,https://www.pensionsmyndigheten.se/content/dam/pensionsmyndigheten/blanketter---broschyrer---faktablad/statistik/premiepension/m%C3%A5nadsstatistik/%C3%A4ldre-m%C3%A5nadsstatistik-%C3%B6ver-fondhandel/2013/PM%2B130731.xlsm,1870549
2013/PM 130331.xlsm,https://www.pensionsmyndigheten.se/content/dam/pensionsmyndigheten/blanketter---broschyrer---faktablad/statistik/premiepension/m%C3%A5nadsstatistik/%C3%A4ldre-m%C3%A5nadsstatistik-%C3%B6ver-fondhandel/2013/PM%2B130331.xlsm,939738
2013/PM 131031.xlsm,https://www.pensionsmyndigheten.se/content/dam/pensionsmyndigheten/blanketter---broschyrer---faktablad/statistik/premiepension/m%C3%A5nadsstatistik/%C3%A4ldre-m%C3%A5nadsstatistik-%C3%B6ver-fondhandel/2013/PM%2B131031.xlsm,1876541
2013/PM 130630.xlsm,https://www.pensionsmyndigheten.se/content/dam/pensionsmyndigheten/blanketter---broschyrer---faktablad/statistik/premiepension/m%C3%A5nadsstatistik/%C3%A4ldre-m%C3%A5nadsstatistik-%C3%B6ver-fondhandel/2013/PM%2B130630.xlsm,920152
2012/PM 120430.xlsm,https://www.pensionsmyndigheten.se/content/dam/pensionsmyndigheten/blanketter---broschyrer---faktablad/statistik/premiepension/m%C3%A5nadsstatistik/%C3%A4ldre-m%C3%A5nadsstatistik-%C3%B6ver-fondhandel/2012/PM%2B120430.xlsm,923594
2012/PM 121231.xlsm,https://www.pensionsmyndigheten.se/content/dam/pensionsmyndigheten/blanketter---broschyrer---faktablad/statistik/premiepension/m%C3%A5nadsstatistik/%C3%A4ldre-m%C3%A5nadsstatistik-%C3%B6ver-fondhandel/2012/PM%2B121231.xlsm,962708
2012/PM 121031.xlsm,https://www.pensionsmyndigheten.se/content/dam/pensionsmyndigheten/blanketter---broschyrer---faktablad/statistik/premiepension/m%C3%A5nadsstatistik/%C3%A4ldre-m%C3%A5nadsstatistik-%C3%B6ver-fondhandel/2012/PM%2B121031.xlsm,926412
2012/PM 120531.xlsm,https://www.pensionsmyndigheten.se/content/dam/pensionsmyndigheten/blanketter---broschyrer---faktablad/statistik/premiepension/m%C3%A5nadsstatistik/%C3%A4ldre-m%C3%A5nadsstatistik-%C3%B6ver-fondhandel/2012/PM%2B120531.xlsm,916266
2012/PM 120131.xlsm,https://www.pensionsmyndigheten.se/content/dam/pensionsmyndigheten/blanketter---broschyrer---faktablad/statistik/premiepension/m%C3%A5nadsstatistik/%C3%A4ldre-m%C3%A5nadsstatistik-%C3%B6ver-fondhandel/2012/PM%2B120131.xlsm,868573
2012/PM 120331.xlsm,https://www.pensionsmyndigheten.se/content/dam/pensionsmyndigheten/blanketter---broschyrer---faktablad/statistik/premiepension/m%C3%A5nadsstatistik/%C3%A4ldre-m%C3%A5nadsstatistik-%C3%B6ver-fondhandel/2012/PM%2B120331.xlsm,870891
2012/PM 120229.xlsm,https://www.pensionsmyndigheten.se/content/dam/pensionsmyndigheten/blanketter---broschyrer---faktablad/statistik/premiepension/m%C3%A5nadsstatistik/%C3%A4ldre-m%C3%A5nadsstatistik-%C3%B6ver-fondhandel/2012/PM%2B120229.xlsm,871249
2012/PM 120731.xlsm,https://www.pensionsmyndigheten.se/content/dam/pensionsmyndigheten/blanketter---broschyrer---faktablad/statistik/premiepension/m%C3%A5nadsstatistik/%C3%A4ldre-m%C3%A5nadsstatistik-%C3%B6ver-fondhandel/2012/PM%2B120731.xlsm,885008
2012/PM 120630.xlsm,https://www.pensionsmyndigheten.se/content/dam/pensionsmyndigheten/blanketter---broschyrer---faktablad/statistik/premiepension/m%C3%A5nadsstatistik/%C3%A4ldre-m%C3%A5nadsstatistik-%C3%B6ver-fondhandel/2012/PM%2B120630.xlsm,911822
2012/PM 121130.xlsm,https://www.pensionsmyndigheten.se/content/dam/pensionsmyndigheten/blanketter---broschyrer---faktablad/statistik/premiepension/m%C3%A5nadsstatistik/%C3%A4ldre-m%C3%A5nadsstatistik-%C3%B6ver-fondhandel/2012/PM%2B121130.xlsm,946632
2012/PM 120831.xlsm,https://www.pensionsmyndigheten.se/content/dam/pensionsmyndigheten/blanketter---broschyrer---faktablad/statistik/premiepension/m%C3%A5nadsstatistik/%C3%A4ldre-m%C3%A5nadsstatistik-%C3%B6ver-fondhandel/2012/PM%2B120831.xlsm,881597
2012/PM 120930.xlsm,https://www.pensionsmyndigheten.se/content/dam/pensionsmyndigheten/blanketter---broschyrer---faktablad/statistik/premiepension/m%C3%A5nadsstatistik/%C3%A4ldre-m%C3%A5nadsstatistik-%C3%B6ver-fondhandel/2012/PM%2B120930.xlsm,923812
2011/PM 110630.xls,https://www.pensionsmyndigheten.se/content/dam/pensionsmyndigheten/blanketter---broschyrer---faktablad/statistik/premiepension/m%C3%A5nadsstatistik/%C3%A4ldre-m%C3%A5nadsstatistik-%C3%B6ver-fondhandel/2011/PM%2B110630.xls,1421312
2011/PM 111130.xlsm,https://www.pensionsmyndigheten.se/content/dam/pensionsmyndigheten/blanketter---broschyrer---faktablad/statistik/premiepension/m%C3%A5nadsstatistik/%C3%A4ldre-m%C3%A5nadsstatistik-%C3%B6ver-fondhandel/2011/PM%2B111130.xlsm,859138
2011/PM 110831.xls,https://www.pensionsmyndigheten.se/content/dam/pensionsmyndigheten/blanketter---broschyrer---faktablad/statistik/premiepension/m%C3%A5nadsstatistik/%C3%A4ldre-m%C3%A5nadsstatistik-%C3%B6ver-fondhandel/2011/PM%2B110831.xls,1356288
2011/PM 111031.xlsm,https://www.pensionsmyndigheten.se/content/dam/pensionsmyndigheten/blanketter---broschyrer---faktablad/statistik/premiepension/m%C3%A5nadsstatistik/%C3%A4ldre-m%C3%A5nadsstatistik-%C3%B6ver-fondhandel/2011/PM%2B111031.xlsm,3721501
2011/PM 110430.xls,https://www.pensionsmyndigheten.se/content/dam/pensionsmyndigheten/blanketter---broschyrer---faktablad/statistik/premiepension/m%C3%A5nadsstatistik/%C3%A4ldre-m%C3%A5nadsstatistik-%C3%B6ver-fondhandel/2011/PM%2B110430.xls,1252864
2011/PM 110131.xls,https://www.pensionsmyndigheten.se/content/dam/pensionsmyndigheten/blanketter---broschyrer---faktablad/statistik/premiepension/m%C3%A5nadsstatistik/%C3%A4ldre-m%C3%A5nadsstatistik-%C3%B6ver-fondhandel/2011/PM%2B110131.xls,1298944
2011/PM 110731.xls,https://www.pensionsmyndigheten.se/content/dam/pensionsmyndigheten/blanketter---broschyrer---faktablad/statistik/premiepension/m%C3%A5nadsstatistik/%C3%A4ldre-m%C3%A5nadsstatistik-%C3%B6ver-fondhandel/2011/PM%2B110731.xls,1433088
2011/PM 110331.xls,https://www.pensionsmyndigheten.se/content/dam/pensionsmyndigheten/blanketter---broschyrer---faktablad/statistik/premiepension/m%C3%A5nadsstatistik/%C3%A4ldre-m%C3%A5nadsstatistik-%C3%B6ver-fondhandel/2011/PM%2B110331.xls,1192448
2011/PM 110531.xls,https://www.pensionsmyndigheten.se/content/dam/pensionsmyndigheten/blanketter---broschyrer---faktablad/statistik/premiepension/m%C3%A5nadsstatistik/%C3%A4ldre-m%C3%A5nadsstatistik-%C3%B6ver-fondhandel/2011/PM%2B110531.xls,1366016
2011/PM 111231.xlsm,https://www.pensionsmyndigheten.se/content/dam/pensionsmyndigheten/blanketter---broschyrer---faktablad/statistik/premiepension/m%C3%A5nadsstatistik/%C3%A4ldre-m%C3%A5nadsstatistik-%C3%B6ver-fondhandel/2011/PM%2B111231.xlsm,861272
2011/PM 110228.xls,https://www.pensionsmyndigheten.se/content/dam/pensionsmyndigheten/blanketter---broschyrer---faktablad/statistik/premiepension/m%C3%A5nadsstatistik/%C3%A4ldre-m%C3%A5nadsstatistik-%C3%B6ver-fondhandel/2011/PM%2B110228.xls,1198592
2011/PM 110930.xls,https://www.pensionsmyndigheten.se/content/dam/pensionsmyndigheten/blanketter---broschyrer---faktablad/statistik/premiepension/m%C3%A5nadsstatistik/%C3%A4ldre-m%C3%A5nadsstatistik-%C3%B6ver-fondhandel/2011/PM%2B110930.xls,1217024
2010/PM 100228.xls,https://www.pensionsmyndigheten.se/content/dam/pensionsmyndigheten/blanketter---broschyrer---faktablad/statistik/premiepension/m%C3%A5nadsstatistik/%C3%A4ldre-m%C3%A5nadsstatistik-%C3%B6ver-fondhandel/2010/PM%2B100228.xls,1472512
2010/PM 100430.xls,https://www.pensionsmyndigheten.se/content/dam/pensionsmyndigheten/blanketter---broschyrer---faktablad/statistik/premiepension/m%C3%A5nadsstatistik/%C3%A4ldre-m%C3%A5nadsstatistik-%C3%B6ver-fondhandel/2010/PM%2B100430.xls,1267712
2010/PM 100531.xls,https://www.pensionsmyndigheten.se/content/dam/pensionsmyndigheten/blanketter---broschyrer---faktablad/statistik/premiepension/m%C3%A5nadsstatistik/%C3%A4ldre-m%C3%A5nadsstatistik-%C3%B6ver-fondhandel/2010/PM%2B100531.xls,1299968
2010/PM 101031.xls,https://www.pensionsmyndigheten.se/content/dam/pensionsmyndigheten/blanketter---broschyrer---faktablad/statistik/premiepension/m%C3%A5nadsstatistik/%C3%A4ldre-m%C3%A5nadsstatistik-%C3%B6ver-fondhandel/2010/PM%2B101031.xls,1276928
2010/PM 101130.xls,https://www.pensionsmyndigheten.se/content/dam/pensionsmyndigheten/blanketter---broschyrer---faktablad/statistik/premiepension/m%C3%A5nadsstatistik/%C3%A4ldre-m%C3%A5nadsstatistik-%C3%B6ver-fondhandel/2010/PM%2B101130.xls,1278976
2010/PM 101231.xls,https://www.pensionsmyndigheten.se/content/dam/pensionsmyndigheten/blanketter---broschyrer---faktablad/statistik/premiepension/m%C3%A5nadsstatistik/%C3%A4ldre-m%C3%A5nadsstatistik-%C3%B6ver-fondhandel/2010/PM%2B101231.xls,1285632
2010/PM 100930.xls,https://www.pensionsmyndigheten.se/content/dam/pensionsmyndigheten/blanketter---broschyrer---faktablad/statistik/premiepension/m%C3%A5nadsstatistik/%C3%A4ldre-m%C3%A5nadsstatistik-%C3%B6ver-fondhandel/2010/PM%2B100930.xls,1263104
2010/PM 100131.xls,https://www.pensionsmyndigheten.se/content/dam/pensionsmyndigheten/blanketter---broschyrer---faktablad/statistik/premiepension/m%C3%A5nadsstatistik/%C3%A4ldre-m%C3%A5nadsstatistik-%C3%B6ver-fondhandel/2010/PM%2B100131.xls,1278464
2010/PM 100331.xls,https://www.pensionsmyndigheten.se/content/dam/pensionsmyndigheten/blanketter---broschyrer---faktablad/statistik/premiepension/m%C3%A5nadsstatistik/%C3%A4ldre-m%C3%A5nadsstatistik-%C3%B6ver-fondhandel/2010/PM%2B100331.xls,1284608
2010/PM 100630.xls,https://www.pensionsmyndigheten.se/content/dam/pensionsmyndigheten/blanketter---broschyrer---faktablad/statistik/premiepension/m%C3%A5nadsstatistik/%C3%A4ldre-m%C3%A5nadsstatistik-%C3%B6ver-fondhandel/2010/PM%2B100630.xls,1219584
2010/PM 100831.xls,https://www.pensionsmyndigheten.se/content/dam/pensionsmyndigheten/blanketter---broschyrer---faktablad/statistik/premiepension/m%C3%A5nadsstatistik/%C3%A4ldre-m%C3%A5nadsstatistik-%C3%B6ver-fondhandel/2010/PM%2B100831.xls,1243648
2010/PM 100731.xls,https://www.pensionsmyndigheten.se/content/dam/pensionsmyndigheten/blanketter---broschyrer---faktablad/statistik/premiepension/m%C3%A5nadsstatistik/%C3%A4ldre-m%C3%A5nadsstatistik-%C3%B6ver-fondhandel/2010/PM%2B100731.xls,1207808
2009/PPM 090930.xls,https://www.pensionsmyndigheten.se/content/dam/pensionsmyndigheten/blanketter---broschyrer---faktablad/statistik/premiepension/m%C3%A5nadsstatistik/%C3%A4ldre-m%C3%A5nadsstatistik-%C3%B6ver-fondhandel/2009/PPM%2B090930.xls,798208
2009/PPM 091130.xls,https://www.pensionsmyndigheten.se/content/dam/pensionsmyndigheten/blanketter---broschyrer---faktablad/statistik/premiepension/m%C3%A5nadsstatistik/%C3%A4ldre-m%C3%A5nadsstatistik-%C3%B6ver-fondhandel/2009/PPM%2B091130.xls,793600
2009/PPM 091231.xls,https://www.pensionsmyndigheten.se/content/dam/pensionsmyndigheten/blanketter---broschyrer---faktablad/statistik/premiepension/m%C3%A5nadsstatistik/%C3%A4ldre-m%C3%A5nadsstatistik-%C3%B6ver-fondhandel/2009/PPM%2B091231.xls,1313792
2009/PPM 091031.xls,https://www.pensionsmyndigheten.se/content/dam/pensionsmyndigheten/blanketter---broschyrer---faktablad/statistik/premiepension/m%C3%A5nadsstatistik/%C3%A4ldre-m%C3%A5nadsstatistik-%C3%B6ver-fondhandel/2009/PPM%2B091031.xls,787968
2009/PPM 090531.xls,https://www.pensionsmyndigheten.se/content/dam/pensionsmyndigheten/blanketter---broschyrer---faktablad/statistik/premiepension/m%C3%A5nadsstatistik/%C3%A4ldre-m%C3%A5nadsstatistik-%C3%B6ver-fondhandel/2009/PPM%2B090531.xls,842752
2009/PPM 090331.xls,https://www.pensionsmyndigheten.se/content/dam/pensionsmyndigheten/blanketter---broschyrer---faktablad/statistik/premiepension/m%C3%A5nadsstatistik/%C3%A4ldre-m%C3%A5nadsstatistik-%C3%B6ver-fondhandel/2009/PPM%2B090331.xls,747520
2009/PPM 090430.xls,https://www.pensionsmyndigheten.se/content/dam/pensionsmyndigheten/blanketter---broschyrer---faktablad/statistik/premiepension/m%C3%A5nadsstatistik/%C3%A4ldre-m%C3%A5nadsstatistik-%C3%B6ver-fondhandel/2009/PPM%2B090430.xls,751104
2009/PPM 090228.xls,https://www.pensionsmyndigheten.se/content/dam/pensionsmyndigheten/blanketter---broschyrer---faktablad/statistik/premiepension/m%C3%A5nadsstatistik/%C3%A4ldre-m%C3%A5nadsstatistik-%C3%B6ver-fondhandel/2009/PPM%2B090228.xls,752128
2009/PPM 090831.xls,https://www.pensionsmyndigheten.se/content/dam/pensionsmyndigheten/blanketter---broschyrer---faktablad/statistik/premiepension/m%C3%A5nadsstatistik/%C3%A4ldre-m%C3%A5nadsstatistik-%C3%B6ver-fondhandel/2009/PPM%2B090831.xls,883712
2009/PPM 090131.xls,https://www.pensionsmyndigheten.se/content/dam/pensionsmyndigheten/blanketter---broschyrer---faktablad/statistik/premiepension/m%C3%A5nadsstatistik/%C3%A4ldre-m%C3%A5nadsstatistik-%C3%B6ver-fondhandel/2009/PPM%2B090131.xls,738304
2009/PPM 090630.xls,https://www.pensionsmyndigheten.se/content/dam/pensionsmyndigheten/blanketter---broschyrer---faktablad/statistik/premiepension/m%C3%A5nadsstatistik/%C3%A4ldre-m%C3%A5nadsstatistik-%C3%B6ver-fondhandel/2009/PPM%2B090630.xls,784384
2009/PPM 090731.xls,https://www.pensionsmyndigheten.se/content/dam/pensionsmyndigheten/blanketter---broschyrer---faktablad/statistik/premiepension/m%C3%A5nadsstatistik/%C3%A4ldre-m%C3%A5nadsstatistik-%C3%B6ver-fondhandel/2009/PPM%2B090731.xls,863232
2008/PPM 080229.xls,https://www.pensionsmyndigheten.se/content/dam/pensionsmyndigheten/blanketter---broschyrer---faktablad/statistik/premiepension/m%C3%A5nadsstatistik/%C3%A4ldre-m%C3%A5nadsstatistik-%C3%B6ver-fondhandel/2008/PPM%2B080229.xls,666112
2008/PPM 080331.xls,https://www.pensionsmyndigheten.se/content/dam/pensionsmyndigheten/blanketter---broschyrer---faktablad/statistik/premiepension/m%C3%A5nadsstatistik/%C3%A4ldre-m%C3%A5nadsstatistik-%C3%B6ver-fondhandel/2008/PPM%2B080331.xls,674304
2008/PPM 081031.xls,https://www.pensionsmyndigheten.se/content/dam/pensionsmyndigheten/blanketter---broschyrer---faktablad/statistik/premiepension/m%C3%A5nadsstatistik/%C3%A4ldre-m%C3%A5nadsstatistik-%C3%B6ver-fondhandel/2008/PPM%2B081031.xls,753152
2008/PPM 080131.xls,https://www.pensionsmyndigheten.se/content/dam/pensionsmyndigheten/blanketter---broschyrer---faktablad/statistik/premiepension/m%C3%A5nadsstatistik/%C3%A4ldre-m%C3%A5nadsstatistik-%C3%B6ver-fondhandel/2008/PPM%2B080131.xls,708096
2008/PPM 080731.xls,https://www.pensionsmyndigheten.se/content/dam/pensionsmyndigheten/blanketter---broschyrer---faktablad/statistik/premiepension/m%C3%A5nadsstatistik/%C3%A4ldre-m%C3%A5nadsstatistik-%C3%B6ver-fondhandel/2008/PPM%2B080731.xls,707072
2008/PPM 080630.xls,https://www.pensionsmyndigheten.se/content/dam/pensionsmyndigheten/blanketter---broschyrer---faktablad/statistik/premiepension/m%C3%A5nadsstatistik/%C3%A4ldre-m%C3%A5nadsstatistik-%C3%B6ver-fondhandel/2008/PPM%2B080630.xls,708608
2008/PPM 080831.xls,https://www.pensionsmyndigheten.se/content/dam/pensionsmyndigheten/blanketter---broschyrer---faktablad/statistik/premiepension/m%C3%A5nadsstatistik/%C3%A4ldre-m%C3%A5nadsstatistik-%C3%B6ver-fondhandel/2008/PPM%2B080831.xls,707072
2008/PPM 080430.xls,https://www.pensionsmyndigheten.se/content/dam/pensionsmyndigheten/blanketter---broschyrer---faktablad/statistik/premiepension/m%C3%A5nadsstatistik/%C3%A4ldre-m%C3%A5nadsstatistik-%C3%B6ver-fondhandel/2008/PPM%2B080430.xls,658432
2008/PPM 081130.xls,https://www.pensionsmyndigheten.se/content/dam/pensionsmyndigheten/blanketter---broschyrer---faktablad/statistik/premiepension/m%C3%A5nadsstatistik/%C3%A4ldre-m%C3%A5nadsstatistik-%C3%B6ver-fondhandel/2008/PPM%2B081130.xls,781312
2008/PPM 081231.xls,https://www.pensionsmyndigheten.se/content/dam/pensionsmyndigheten/blanketter---broschyrer---faktablad/statistik/premiepension/m%C3%A5nadsstatistik/%C3%A4ldre-m%C3%A5nadsstatistik-%C3%B6ver-fondhandel/2008/PPM%2B081231.xls,776192
2008/PPM 080930.xls,https://www.pensionsmyndigheten.se/content/dam/pensionsmyndigheten/blanketter---broschyrer---faktablad/statistik/premiepension/m%C3%A5nadsstatistik/%C3%A4ldre-m%C3%A5nadsstatistik-%C3%B6ver-fondhandel/2008/PPM%2B080930.xls,773632
2008/PPM 080531.xls,https://www.pensionsmyndigheten.se/content/dam/pensionsmyndigheten/blanketter---broschyrer---faktablad/statistik/premiepension/m%C3%A5nadsstatistik/%C3%A4ldre-m%C3%A5nadsstatistik-%C3%B6ver-fondhandel/2008/PPM%2B080531.xls,675328
2007/PPM 071231.xls,https://www.pensionsmyndigheten.se/content/dam/pensionsmyndigheten/blanketter---broschyrer---faktablad/statistik/premiepension/m%C3%A5nadsstatistik/%C3%A4ldre-m%C3%A5nadsstatistik-%C3%B6ver-fondhandel/2007/PPM%2B071231.xls,652288
2007/PPM 070228.xls,https://www.pensionsmyndigheten.se/content/dam/pensionsmyndigheten/blanketter---broschyrer---faktablad/statistik/premiepension/m%C3%A5nadsstatistik/%C3%A4ldre-m%C3%A5nadsstatistik-%C3%B6ver-fondhandel/2007/PPM%2B070228.xls,668160
2007/PPM 071130.xls,https://www.pensionsmyndigheten.se/content/dam/pensionsmyndigheten/blanketter---broschyrer---faktablad/statistik/premiepension/m%C3%A5nadsstatistik/%C3%A4ldre-m%C3%A5nadsstatistik-%C3%B6ver-fondhandel/2007/PPM%2B071130.xls,737792
2007/PPM 071031.xls,https://www.pensionsmyndigheten.se/content/dam/pensionsmyndigheten/blanketter---broschyrer---faktablad/statistik/premiepension/m%C3%A5nadsstatistik/%C3%A4ldre-m%C3%A5nadsstatistik-%C3%B6ver-fondhandel/2007/PPM%2B071031.xls,723968
2007/PPM 070430.xls,https://www.pensionsmyndigheten.se/content/dam/pensionsmyndigheten/blanketter---broschyrer---faktablad/statistik/premiepension/m%C3%A5nadsstatistik/%C3%A4ldre-m%C3%A5nadsstatistik-%C3%B6ver-fondhandel/2007/PPM%2B070430.xls,669184
2007/PPM 070531.xls,https://www.pensionsmyndigheten.se/content/dam/pensionsmyndigheten/blanketter---broschyrer---faktablad/statistik/premiepension/m%C3%A5nadsstatistik/%C3%A4ldre-m%C3%A5nadsstatistik-%C3%B6ver-fondhandel/2007/PPM%2B070531.xls,687616
2007/PPM 070930.xls,https://www.pensionsmyndigheten.se/content/dam/pensionsmyndigheten/blanketter---broschyrer---faktablad/statistik/premiepension/m%C3%A5nadsstatistik/%C3%A4ldre-m%C3%A5nadsstatistik-%C3%B6ver-fondhandel/2007/PPM%2B070930.xls,727552
2007/PPM 070131.xls,https://www.pensionsmyndigheten.se/content/dam/pensionsmyndigheten/blanketter---broschyrer---faktablad/statistik/premiepension/m%C3%A5nadsstatistik/%C3%A4ldre-m%C3%A5nadsstatistik-%C3%B6ver-fondhandel/2007/PPM%2B070131.xls,701440
2007/Kopia av PPM 070831.xls,https://www.pensionsmyndigheten.se/content/dam/pensionsmyndigheten/blanketter---broschyrer---faktablad/statistik/premiepension/m%C3%A5nadsstatistik/%C3%A4ldre-m%C3%A5nadsstatistik-%C3%B6ver-fondhandel/2007/Kopia%20av%20PPM%2B070831.xls,695296
2007/PPM 070331.xls,https://www.pensionsmyndigheten.se/content/dam/pensionsmyndigheten/blanketter---broschyrer---faktablad/statistik/premiepension/m%C3%A5nadsstatistik/%C3%A4ldre-m%C3%A5nadsstatistik-%C3%B6ver-fondhandel/2007/PPM%2B070331.xls,668160
2007/PPM 070630.xls,https://www.pensionsmyndigheten.se/content/dam/pensionsmyndigheten/blanketter---broschyrer---faktablad/statistik/premiepension/m%C3%A5nadsstatistik/%C3%A4ldre-m%C3%A5nadsstatistik-%C3%B6ver-fondhandel/2007/PPM%2B070630.xls,687616
2007/PPM 070731.xls,https://www.pensionsmyndigheten.se/content/dam/pensionsmyndigheten/blanketter---broschyrer---faktablad/statistik/premiepension/m%C3%A5nadsstatistik/%C3%A4ldre-m%C3%A5nadsstatistik-%C3%B6ver-fondhandel/2007/PPM%2B070731.xls,723968
2006/PPM 060831.xls,https://www.pensionsmyndigheten.se/content/dam/pensionsmyndigheten/blanketter---broschyrer---faktablad/statistik/premiepension/m%C3%A5nadsstatistik/%C3%A4ldre-m%C3%A5nadsstatistik-%C3%B6ver-fondhandel/2006/PPM%2B060831.xls,689152
2006/PPM 060731.xls,https://www.pensionsmyndigheten.se/content/dam/pensionsmyndigheten/blanketter---broschyrer---faktablad/statistik/premiepension/m%C3%A5nadsstatistik/%C3%A4ldre-m%C3%A5nadsstatistik-%C3%B6ver-fondhandel/2006/PPM%2B060731.xls,678400
2006/PPM 060131.xls,https://www.pensionsmyndigheten.se/content/dam/pensionsmyndigheten/blanketter---broschyrer---faktablad/statistik/premiepension/m%C3%A5nadsstatistik/%C3%A4ldre-m%C3%A5nadsstatistik-%C3%B6ver-fondhandel/2006/PPM%2B060131.xls,93696
2006/Kopia av PPM 060930.xls,https://www.pensionsmyndigheten.se/content/dam/pensionsmyndigheten/blanketter---broschyrer---faktablad/statistik/premiepension/m%C3%A5nadsstatistik/%C3%A4ldre-m%C3%A5nadsstatistik-%C3%B6ver-fondhandel/2006/Kopia%20av%20PPM%2B060930.xls,711680
2006/PPM 060228.xls,https://www.pensionsmyndigheten.se/content/dam/pensionsmyndigheten/blanketter---broschyrer---faktablad/statistik/premiepension/m%C3%A5nadsstatistik/%C3%A4ldre-m%C3%A5nadsstatistik-%C3%B6ver-fondhandel/2006/PPM%2B060228.xls,668672
2006/PPM 060531.xls,https://www.pensionsmyndigheten.se/content/dam/pensionsmyndigheten/blanketter---broschyrer---faktablad/statistik/premiepension/m%C3%A5nadsstatistik/%C3%A4ldre-m%C3%A5nadsstatistik-%C3%B6ver-fondhandel/2006/PPM%2B060531.xls,663552
2006/PPM 060430.xls,https://www.pensionsmyndigheten.se/content/dam/pensionsmyndigheten/blanketter---broschyrer---faktablad/statistik/premiepension/m%C3%A5nadsstatistik/%C3%A4ldre-m%C3%A5nadsstatistik-%C3%B6ver-fondhandel/2006/PPM%2B060430.xls,646656
2006/PPM 061031.xls,https://www.pensionsmyndigheten.se/content/dam/pensionsmyndigheten/blanketter---broschyrer---faktablad/statistik/premiepension/m%C3%A5nadsstatistik/%C3%A4ldre-m%C3%A5nadsstatistik-%C3%B6ver-fondhandel/2006/PPM%2B061031.xls,711168
2006/PPM 060331.xls,https://www.pensionsmyndigheten.se/content/dam/pensionsmyndigheten/blanketter---broschyrer---faktablad/statistik/premiepension/m%C3%A5nadsstatistik/%C3%A4ldre-m%C3%A5nadsstatistik-%C3%B6ver-fondhandel/2006/PPM%2B060331.xls,646656
2006/PPM 061130.xls,https://www.pensionsmyndigheten.se/content/dam/pensionsmyndigheten/blanketter---broschyrer---faktablad/statistik/premiepension/m%C3%A5nadsstatistik/%C3%A4ldre-m%C3%A5nadsstatistik-%C3%B6ver-fondhandel/2006/PPM%2B061130.xls,647680
2006/PPM 061231.xls,https://www.pensionsmyndigheten.se/content/dam/pensionsmyndigheten/blanketter---broschyrer---faktablad/statistik/premiepension/m%C3%A5nadsstatistik/%C3%A4ldre-m%C3%A5nadsstatistik-%C3%B6ver-fondhandel/2006/PPM%2B061231.xls,662016
2005/PPM 050228.xls,https://www.pensionsmyndigheten.se/content/dam/pensionsmyndigheten/blanketter---broschyrer---faktablad/statistik/premiepension/m%C3%A5nadsstatistik/%C3%A4ldre-m%C3%A5nadsstatistik-%C3%B6ver-fondhandel/2005/PPM%2B050228.xls,184832
2005/PPM 051031.xls,https://www.pensionsmyndigheten.se/content/dam/pensionsmyndigheten/blanketter---broschyrer---faktablad/statistik/premiepension/m%C3%A5nadsstatistik/%C3%A4ldre-m%C3%A5nadsstatistik-%C3%B6ver-fondhandel/2005/PPM%2B051031.xls,185344
2005/PPM 050331.xls,https://www.pensionsmyndigheten.se/content/dam/pensionsmyndigheten/blanketter---broschyrer---faktablad/statistik/premiepension/m%C3%A5nadsstatistik/%C3%A4ldre-m%C3%A5nadsstatistik-%C3%B6ver-fondhandel/2005/PPM%2B050331.xls,183808
2005/PPM 051231.xls,https://www.pensionsmyndigheten.se/content/dam/pensionsmyndigheten/blanketter---broschyrer---faktablad/statistik/premiepension/m%C3%A5nadsstatistik/%C3%A4ldre-m%C3%A5nadsstatistik-%C3%B6ver-fondhandel/2005/PPM%2B051231.xls,186368
2005/PPM 050430.xls,https://www.pensionsmyndigheten.se/content/dam/pensionsmyndigheten/blanketter---broschyrer---faktablad/statistik/premiepension/m%C3%A5nadsstatistik/%C3%A4ldre-m%C3%A5nadsstatistik-%C3%B6ver-fondhandel/2005/PPM%2B050430.xls,180736
2005/PPM 050930.xls,https://www.pensionsmyndigheten.se/content/dam/pensionsmyndigheten/blanketter---broschyrer---faktablad/statistik/premiepension/m%C3%A5nadsstatistik/%C3%A4ldre-m%C3%A5nadsstatistik-%C3%B6ver-fondhandel/2005/PPM%2B050930.xls,184832
2005/PPM 050531.xls,https://www.pensionsmyndigheten.se/content/dam/pensionsmyndigheten/blanketter---broschyrer---faktablad/statistik/premiepension/m%C3%A5nadsstatistik/%C3%A4ldre-m%C3%A5nadsstatistik-%C3%B6ver-fondhandel/2005/PPM%2B050531.xls,181760
2005/PPM 051130.xls,https://www.pensionsmyndigheten.se/content/dam/pensionsmyndigheten/blanketter---broschyrer---faktablad/statistik/premiepension/m%C3%A5nadsstatistik/%C3%A4ldre-m%C3%A5nadsstatistik-%C3%B6ver-fondhandel/2005/PPM%2B051130.xls,185856
2005/PPM 050731.xls,https://www.pensionsmyndigheten.se/content/dam/pensionsmyndigheten/blanketter---broschyrer---faktablad/statistik/premiepension/m%C3%A5nadsstatistik/%C3%A4ldre-m%C3%A5nadsstatistik-%C3%B6ver-fondhandel/2005/PPM%2B050731.xls,183296
2005/PPM 050131.xls,https://www.pensionsmyndigheten.se/content/dam/pensionsmyndigheten/blanketter---broschyrer---faktablad/statistik/premiepension/m%C3%A5nadsstatistik/%C3%A4ldre-m%C3%A5nadsstatistik-%C3%B6ver-fondhandel/2005/PPM%2B050131.xls,182784
2005/PPM 050831.xls,https://www.pensionsmyndigheten.se/content/dam/pensionsmyndigheten/blanketter---broschyrer---faktablad/statistik/premiepension/m%C3%A5nadsstatistik/%C3%A4ldre-m%C3%A5nadsstatistik-%C3%B6ver-fondhandel/2005/PPM%2B050831.xls,184832
2005/PPM 050630.xls,https://www.pensionsmyndigheten.se/content/dam/pensionsmyndigheten/blanketter---broschyrer---faktablad/statistik/premiepension/m%C3%A5nadsstatistik/%C3%A4ldre-m%C3%A5nadsstatistik-%C3%B6ver-fondhandel/2005/PPM%2B050630.xls,182784
2004/PPM 041130.xls,https://www.pensionsmyndigheten.se/content/dam/pensionsmyndigheten/blanketter---broschyrer---faktablad/statistik/premiepension/m%C3%A5nadsstatistik/%C3%A4ldre-m%C3%A5nadsstatistik-%C3%B6ver-fondhandel/2004/PPM%2B041130.xls,177152
2004/PPM 040831.xls,https://www.pensionsmyndigheten.se/content/dam/pensionsmyndigheten/blanketter---broschyrer---faktablad/statistik/premiepension/m%C3%A5nadsstatistik/%C3%A4ldre-m%C3%A5nadsstatistik-%C3%B6ver-fondhandel/2004/PPM%2B040831.xls,178176
2004/PPM 041031.xls,https://www.pensionsmyndigheten.se/content/dam/pensionsmyndigheten/blanketter---broschyrer---faktablad/statistik/premiepension/m%C3%A5nadsstatistik/%C3%A4ldre-m%C3%A5nadsstatistik-%C3%B6ver-fondhandel/2004/PPM%2B041031.xls,177664
2004/PPM 040731.xls,https://www.pensionsmyndigheten.se/content/dam/pensionsmyndigheten/blanketter---broschyrer---faktablad/statistik/premiepension/m%C3%A5nadsstatistik/%C3%A4ldre-m%C3%A5nadsstatistik-%C3%B6ver-fondhandel/2004/PPM%2B040731.xls,177664
2004/PPM 040630.xls,https://www.pensionsmyndigheten.se/content/dam/pensionsmyndigheten/blanketter---broschyrer---faktablad/statistik/premiepension/m%C3%A5nadsstatistik/%C3%A4ldre-m%C3%A5nadsstatistik-%C3%B6ver-fondhandel/2004/PPM%2B040630.xls,176128
2004/PPM 040531.xls,https://www.pensionsmyndigheten.se/content/dam/pensionsmyndigheten/blanketter---broschyrer---faktablad/statistik/premiepension/m%C3%A5nadsstatistik/%C3%A4ldre-m%C3%A5nadsstatistik-%C3%B6ver-fondhandel/2004/PPM%2B040531.xls,175616
2004/PPM 040930.xls,https://www.pensionsmyndigheten.se/content/dam/pensionsmyndigheten/blanketter---broschyrer---faktablad/statistik/premiepension/m%C3%A5nadsstatistik/%C3%A4ldre-m%C3%A5nadsstatistik-%C3%B6ver-fondhandel/2004/PPM%2B040930.xls,177664
2004/PPM 041231.xls,https://www.pensionsmyndigheten.se/content/dam/pensionsmyndigheten/blanketter---broschyrer---faktablad/statistik/premiepension/m%C3%A5nadsstatistik/%C3%A4ldre-m%C3%A5nadsstatistik-%C3%B6ver-fondhandel/2004/PPM%2B041231.xls,178688
2004/PPM 040430.xls,https://www.pensionsmyndigheten.se/content/dam/pensionsmyndigheten/blanketter---broschyrer---faktablad/statistik/premiepension/m%C3%A5nadsstatistik/%C3%A4ldre-m%C3%A5nadsstatistik-%C3%B6ver-fondhandel/2004/PPM%2B040430.xls,174592
2004/PPM 040131.xls,https://www.pensionsmyndigheten.se/content/dam/pensionsmyndigheten/blanketter---broschyrer---faktablad/statistik/premiepension/m%C3%A5nadsstatistik/%C3%A4ldre-m%C3%A5nadsstatistik-%C3%B6ver-fondhandel/2004/PPM%2B040131.xls,172544
2004/PPM 040229.xls,https://www.pensionsmyndigheten.se/content/dam/pensionsmyndigheten/blanketter---broschyrer---faktablad/statistik/premiepension/m%C3%A5nadsstatistik/%C3%A4ldre-m%C3%A5nadsstatistik-%C3%B6ver-fondhandel/2004/PPM%2B040229.xls,174080
2004/PPM 040331.xls,https://www.pensionsmyndigheten.se/content/dam/pensionsmyndigheten/blanketter---broschyrer---faktablad/statistik/premiepension/m%C3%A5nadsstatistik/%C3%A4ldre-m%C3%A5nadsstatistik-%C3%B6ver-fondhandel/2004/PPM%2B040331.xls,175104
2003/PPM 030131.xls,https://www.pensionsmyndigheten.se/content/dam/pensionsmyndigheten/blanketter---broschyrer---faktablad/statistik/premiepension/m%C3%A5nadsstatistik/%C3%A4ldre-m%C3%A5nadsstatistik-%C3%B6ver-fondhandel/2003/PPM%2B030131.xls,169472
2003/PPM 031130.xls,https://www.pensionsmyndigheten.se/content/dam/pensionsmyndigheten/blanketter---broschyrer---faktablad/statistik/premiepension/m%C3%A5nadsstatistik/%C3%A4ldre-m%C3%A5nadsstatistik-%C3%B6ver-fondhandel/2003/PPM%2B031130.xls,161280
2003/PPM 030531.xls,https://www.pensionsmyndigheten.se/content/dam/pensionsmyndigheten/blanketter---broschyrer---faktablad/statistik/premiepension/m%C3%A5nadsstatistik/%C3%A4ldre-m%C3%A5nadsstatistik-%C3%B6ver-fondhandel/2003/PPM%2B030531.xls,172544
2003/PPM 030930.xls,https://www.pensionsmyndigheten.se/content/dam/pensionsmyndigheten/blanketter---broschyrer---faktablad/statistik/premiepension/m%C3%A5nadsstatistik/%C3%A4ldre-m%C3%A5nadsstatistik-%C3%B6ver-fondhandel/2003/PPM%2B030930.xls,169472
2003/PPM 031231.xls,https://www.pensionsmyndigheten.se/content/dam/pensionsmyndigheten/blanketter---broschyrer---faktablad/statistik/premiepension/m%C3%A5nadsstatistik/%C3%A4ldre-m%C3%A5nadsstatistik-%C3%B6ver-fondhandel/2003/PPM%2B031231.xls,162304
2003/PPM 030731.xls,https://www.pensionsmyndigheten.se/content/dam/pensionsmyndigheten/blanketter---broschyrer---faktablad/statistik/premiepension/m%C3%A5nadsstatistik/%C3%A4ldre-m%C3%A5nadsstatistik-%C3%B6ver-fondhandel/2003/PPM%2B030731.xls,168960
2003/PPM 030430.xls,https://www.pensionsmyndigheten.se/content/dam/pensionsmyndigheten/blanketter---broschyrer---faktablad/statistik/premiepension/m%C3%A5nadsstatistik/%C3%A4ldre-m%C3%A5nadsstatistik-%C3%B6ver-fondhandel/2003/PPM%2B030430.xls,172544
2003/PPM 030228.xls,https://www.pensionsmyndigheten.se/content/dam/pensionsmyndigheten/blanketter---broschyrer---faktablad/statistik/premiepension/m%C3%A5nadsstatistik/%C3%A4ldre-m%C3%A5nadsstatistik-%C3%B6ver-fondhandel/2003/PPM%2B030228.xls,171008
2003/PPM 031031.xls,https://www.pensionsmyndigheten.se/content/dam/pensionsmyndigheten/blanketter---broschyrer---faktablad/statistik/premiepension/m%C3%A5nadsstatistik/%C3%A4ldre-m%C3%A5nadsstatistik-%C3%B6ver-fondhandel/2003/PPM%2B031031.xls,162304
2003/PPM 030331.xls,https://www.pensionsmyndigheten.se/content/dam/pensionsmyndigheten/blanketter---broschyrer---faktablad/statistik/premiepension/m%C3%A5nadsstatistik/%C3%A4ldre-m%C3%A5nadsstatistik-%C3%B6ver-fondhandel/2003/PPM%2B030331.xls,172032
2003/PPM 030831.xls,https://www.pensionsmyndigheten.se/content/dam/pensionsmyndigheten/blanketter---broschyrer---faktablad/statistik/premiepension/m%C3%A5nadsstatistik/%C3%A4ldre-m%C3%A5nadsstatistik-%C3%B6ver-fondhandel/2003/PPM%2B030831.xls,168960
2003/PPM 030630.xls,https://www.pensionsmyndigheten.se/content/dam/pensionsmyndigheten/blanketter---broschyrer---faktablad/statistik/premiepension/m%C3%A5nadsstatistik/%C3%A4ldre-m%C3%A5nadsstatistik-%C3%B6ver-fondhandel/2003/PPM%2B030630.xls,171008
2002/PPM 020531.xls,https://www.pensionsmyndigheten.se/content/dam/pensionsmyndigheten/blanketter---broschyrer---faktablad/statistik/premiepension/m%C3%A5nadsstatistik/%C3%A4ldre-m%C3%A5nadsstatistik-%C3%B6ver-fondhandel/2002/PPM%2B020531.xls,165888
2002/PPM 020228.xls,https://www.pensionsmyndigheten.se/content/dam/pensionsmyndigheten/blanketter---broschyrer---faktablad/statistik/premiepension/m%C3%A5nadsstatistik/%C3%A4ldre-m%C3%A5nadsstatistik-%C3%B6ver-fondhandel/2002/PPM%2B020228.xls,157696
2002/PPM 021031.xls,https://www.pensionsmyndigheten.se/content/dam/pensionsmyndigheten/blanketter---broschyrer---faktablad/statistik/premiepension/m%C3%A5nadsstatistik/%C3%A4ldre-m%C3%A5nadsstatistik-%C3%B6ver-fondhandel/2002/PPM%2B021031.xls,163840
2002/PPM 020331.xls,https://www.pensionsmyndigheten.se/content/dam/pensionsmyndigheten/blanketter---broschyrer---faktablad/statistik/premiepension/m%C3%A5nadsstatistik/%C3%A4ldre-m%C3%A5nadsstatistik-%C3%B6ver-fondhandel/2002/PPM%2B020331.xls,161280
2002/PPM 020131.xls,https://www.pensionsmyndigheten.se/content/dam/pensionsmyndigheten/blanketter---broschyrer---faktablad/statistik/premiepension/m%C3%A5nadsstatistik/%C3%A4ldre-m%C3%A5nadsstatistik-%C3%B6ver-fondhandel/2002/PPM%2B020131.xls,156672
2002/PPM 020831.xls,https://www.pensionsmyndigheten.se/content/dam/pensionsmyndigheten/blanketter---broschyrer---faktablad/statistik/premiepension/m%C3%A5nadsstatistik/%C3%A4ldre-m%C3%A5nadsstatistik-%C3%B6ver-fondhandel/2002/PPM%2B020831.xls,163328
2002/PPM 020731.xls,https://www.pensionsmyndigheten.se/content/dam/pensionsmyndigheten/blanketter---broschyrer---faktablad/statistik/premiepension/m%C3%A5nadsstatistik/%C3%A4ldre-m%C3%A5nadsstatistik-%C3%B6ver-fondhandel/2002/PPM%2B020731.xls,163328
2002/PPM 020630.xls,https://www.pensionsmyndigheten.se/content/dam/pensionsmyndigheten/blanketter---broschyrer---faktablad/statistik/premiepension/m%C3%A5nadsstatistik/%C3%A4ldre-m%C3%A5nadsstatistik-%C3%B6ver-fondhandel/2002/PPM%2B020630.xls,165376
2002/PPM 021130.xls,https://www.pensionsmyndigheten.se/content/dam/pensionsmyndigheten/blanketter---broschyrer---faktablad/statistik/premiepension/m%C3%A5nadsstatistik/%C3%A4ldre-m%C3%A5nadsstatistik-%C3%B6ver-fondhandel/2002/PPM%2B021130.xls,164352
2002/PPM 020430.xls,https://www.pensionsmyndigheten.se/content/dam/pensionsmyndigheten/blanketter---broschyrer---faktablad/statistik/premiepension/m%C3%A5nadsstatistik/%C3%A4ldre-m%C3%A5nadsstatistik-%C3%B6ver-fondhandel/2002/PPM%2B020430.xls,165376
2002/PPM 020930.xls,https://www.pensionsmyndigheten.se/content/dam/pensionsmyndigheten/blanketter---broschyrer---faktablad/statistik/premiepension/m%C3%A5nadsstatistik/%C3%A4ldre-m%C3%A5nadsstatistik-%C3%B6ver-fondhandel/2002/PPM%2B020930.xls,163328
2002/PPM 021231.xls,https://www.pensionsmyndigheten.se/content/dam/pensionsmyndigheten/blanketter---broschyrer---faktablad/statistik/premiepension/m%C3%A5nadsstatistik/%C3%A4ldre-m%C3%A5nadsstatistik-%C3%B6ver-fondhandel/2002/PPM%2B021231.xls,165376
2001/PPM 010630.xls,https://www.pensionsmyndigheten.se/content/dam/pensionsmyndigheten/blanketter---broschyrer---faktablad/statistik/premiepension/m%C3%A5nadsstatistik/%C3%A4ldre-m%C3%A5nadsstatistik-%C3%B6ver-fondhandel/2001/PPM%2B010630.xls,147456
2001/PPM 011130.xls,https://www.pensionsmyndigheten.se/content/dam/pensionsmyndigheten/blanketter---broschyrer---faktablad/statistik/premiepension/m%C3%A5nadsstatistik/%C3%A4ldre-m%C3%A5nadsstatistik-%C3%B6ver-fondhandel/2001/PPM%2B011130.xls,150016
2001/PPM 010228.xls,https://www.pensionsmyndigheten.se/content/dam/pensionsmyndigheten/blanketter---broschyrer---faktablad/statistik/premiepension/m%C3%A5nadsstatistik/%C3%A4ldre-m%C3%A5nadsstatistik-%C3%B6ver-fondhandel/2001/PPM%2B010228.xls,123392
2001/PPM 010430.xls,https://www.pensionsmyndigheten.se/content/dam/pensionsmyndigheten/blanketter---broschyrer---faktablad/statistik/premiepension/m%C3%A5nadsstatistik/%C3%A4ldre-m%C3%A5nadsstatistik-%C3%B6ver-fondhandel/2001/PPM%2B010430.xls,125952
2001/PPM 011231.xls,https://www.pensionsmyndigheten.se/content/dam/pensionsmyndigheten/blanketter---broschyrer---faktablad/statistik/premiepension/m%C3%A5nadsstatistik/%C3%A4ldre-m%C3%A5nadsstatistik-%C3%B6ver-fondhandel/2001/PPM%2B011231.xls,150528
2001/PPM 010531.xls,https://www.pensionsmyndigheten.se/content/dam/pensionsmyndigheten/blanketter---broschyrer---faktablad/statistik/premiepension/m%C3%A5nadsstatistik/%C3%A4ldre-m%C3%A5nadsstatistik-%C3%B6ver-fondhandel/2001/PPM%2B010531.xls,148992
2001/PPM 010930.xls,https://www.pensionsmyndigheten.se/content/dam/pensionsmyndigheten/blanketter---broschyrer---faktablad/statistik/premiepension/m%C3%A5nadsstatistik/%C3%A4ldre-m%C3%A5nadsstatistik-%C3%B6ver-fondhandel/2001/PPM%2B010930.xls,148992
2001/PPM 010331.xls,https://www.pensionsmyndigheten.se/content/dam/pensionsmyndigheten/blanketter---broschyrer---faktablad/statistik/premiepension/m%C3%A5nadsstatistik/%C3%A4ldre-m%C3%A5nadsstatistik-%C3%B6ver-fondhandel/2001/PPM%2B010331.xls,124416
2001/PPM 010131.xls,https://www.pensionsmyndigheten.se/content/dam/pensionsmyndigheten/blanketter---broschyrer---faktablad/statistik/premiepension/m%C3%A5nadsstatistik/%C3%A4ldre-m%C3%A5nadsstatistik-%C3%B6ver-fondhandel/2001/PPM%2B010131.xls,121856
2001/PPM 010731.xls,https://www.pensionsmyndigheten.se/content/dam/pensionsmyndigheten/blanketter---broschyrer---faktablad/statistik/premiepension/m%C3%A5nadsstatistik/%C3%A4ldre-m%C3%A5nadsstatistik-%C3%B6ver-fondhandel/2001/PPM%2B010731.xls,148480
2001/PPM 011031.xls,https://www.pensionsmyndigheten.se/content/dam/pensionsmyndigheten/blanketter---broschyrer---faktablad/statistik/premiepension/m%C3%A5nadsstatistik/%C3%A4ldre-m%C3%A5nadsstatistik-%C3%B6ver-fondhandel/2001/PPM%2B011031.xls,150016
2001/PPM 010831.xls,https://www.pensionsmyndigheten.se/content/dam/pensionsmyndigheten/blanketter---broschyrer---faktablad/statistik/premiepension/m%C3%A5nadsstatistik/%C3%A4ldre-m%C3%A5nadsstatistik-%C3%B6ver-fondhandel/2001/PPM%2B010831.xls,148480
2026/Statistik-Premiepension-2026-08-31.xlsm,https://www.pensionsmyndigheten.se/content/dam/pensionsmyndigheten/blanketter---broschyrer---faktablad/statistik/premiepension/m%C3%A5nadsstatistik/%C3%A4ldre-m%C3%A5nadsstatistik-%C3%B6ver-fondhandel/2026/Statistik-Premiepension-2026-08-31.xlsm,1771331
2026/Statistik-Premiepension-2026-07-31.xlsm,https://www.pensionsmyndigheten.se/content/dam/pensionsmyndigheten/blanketter---broschyrer---faktablad/statistik/premiepension/m%C3%A5nadsstatistik/%C3%A4ldre-m%C3%A5nadsstatistik-%C3%B6ver-fondhandel/2026/Statistik-Premiepension-2026-07-31.xlsm,1765974
2026/Statistik-Premiepension-2026-06-30.xlsm,https://www.pensionsmyndigheten.se/content/dam/pensionsmyndigheten/blanketter---broschyrer---faktablad/statistik/premiepension/m%C3%A5nadsstatistik/%C3%A4ldre-m%C3%A5nadsstatistik-%C3%B6ver-fondhandel/2026/Statistik-Premiepension-2026-06-30.xlsm,1760199
2026/Statistik-Premiepension-2026-05-31.xlsm,https://www.pensionsmyndigheten.se/content/dam/pensionsmyndigheten/blanketter---broschyrer---faktablad/statistik/premiepension/m%C3%A5nadsstatistik/%C3%A4ldre-m%C3%A5nadsstatistik-%C3%B6ver-fondhandel/2026/Statistik-Premiepension-2026-05-31.xlsm,1764311
2026/Statistik-Premiepension-2026-04-30.xlsm,https://www.pensionsmyndigheten.se/content/dam/pensionsmyndigheten/blanketter---broschyrer---faktablad/statistik/premiepension/m%C3%A5nadsstatistik/%C3%A4ldre-m%C3%A5nadsstatistik-%C3%B6ver-fondhandel/2026/Statistik-Premiepension-2026-04-30.xlsm,1753116
2026/Statistik-Premiepension-2026-03-31.xlsm,https://www.pensionsmyndigheten.se/content/dam/pensionsmyndigheten/blanketter---broschyrer---faktablad/statistik/premiepension/m%C3%A5nadsstatistik/%C3%A4ldre-m%C3%A5nadsstatistik-%C3%B6ver-fondhandel/2026/Statistik-Premiepension-2026-03-31.xlsm,1752771
2026/Statistik-Premiepension-2026-02-28.xlsm,https://www.pensionsmyndigheten.se/content/dam/pensionsmyndigheten/blanketter---broschyrer---faktablad/statistik/premiepension/m%C3%A5nadsstatistik/%C3%A4ldre-m%C3%A5nadsstatistik-%C3%B6ver-fondhandel/2026/Statistik-Premiepension-2026-02-28.xlsm,1724855
2026/Statistik-Premiepension-2026-01-31.xlsm,https://www.pensionsmyndigheten.se/content/dam/pensionsmyndigheten/blanketter---broschyrer---faktablad/statistik/premiepension/m%C3%A5nadsstatistik/%C3%A4ldre-m%C3%A5nadsstatistik-%C3%B6ver-fondhandel/2026/Statistik-Premiepension-2026-01-31.xlsm,1720167
2025/Statistik-Premiepension-2025-12-31.xlsm,https://www.pensionsmyndigheten.se/content/dam/pensionsmyndigheten/blanketter---broschyrer---faktablad/statistik/premiepension/m%C3%A5nadsstatistik/%C3%A4ldre-m%C3%A5nadsstatistik-%C3%B6ver-fondhandel/2025/Statistik-Premiepension-2025-12-31.xlsm,1717171
2025/Statistik-Premiepension-2025-11-30.xlsm,https://www.pensionsmyndigheten.se/content/dam/pensionsmyndigheten/blanketter---broschyrer---faktablad/statistik/premiepension/m%C3%A5nadsstatistik/%C3%A4ldre-m%C3%A5nadsstatistik-%C3%B6ver-fondhandel/2025/Statistik-Premiepension-2025-11-30.xlsm,1716259
2025/Statistik-Premiepension-2025-10-31.xlsm,https://www.pensionsmyndigheten.se/content/dam/pensionsmyndigheten/blanketter---broschyrer---faktablad/statistik/premiepension/m%C3%A5nadsstatistik/%C3%A4ldre-m%C3%A5nadsstatistik-%C3%B6ver-fondhandel/2025/Statistik-Premiepension-2025-10-31.xlsm,1739436
2025/Statistik-Premiepension-2025-09-30.xlsm,https://www.pensionsmyndigheten.se/content/dam/pensionsmyndigheten/blanketter---broschyrer---faktablad/statistik/premiepension/m%C3%A5nadsstatistik/%C3%A4ldre-m%C3%A5nadsstatistik-%C3%B6ver-fondhandel/2025/Statistik-Premiepension-2025-09-30.xlsm,1730814
2025/Statistik-Premiepension-2025-08-31.xlsm,https://www.pensionsmyndigheten.se/content/dam/pensionsmyndigheten/blanketter---broschyrer---faktablad/statistik/premiepension/m%C3%A5nadsstatistik/%C3%A4ldre-m%C3%A5nadsstatistik-%C3%B6ver-fondhandel/2025/Statistik-Premiepension-2025-08-31.xlsm,1737376
2025/Statistik-Premiepension-2025-07-31.xlsm,https://www.pensionsmyndigheten.se/content/dam/pensionsmyndigheten/blanketter---broschyrer---faktablad/statistik/premiepension/m%C3%A5nadsstatistik/%C3%A4ldre-m%C3%A5nadsstatistik-%C3%B6ver-fondhandel/2025/Statistik-Premiepension-2025-07-31.xlsm,1734896
2025/Statistik-Premiepension-2025-06-30.xlsm,https://www.pensionsmyndigheten.se/content/dam/pensionsmyndigheten/blanketter---broschyrer---faktablad/statistik/premiepension/m%C3%A5nadsstatistik/%C3%A4ldre-m%C3%A5nadsstatistik-%C3%B6ver-fondhandel/2025/Statistik-Premiepension-2025-06-30.xlsm,1718567
2025/Statistik-Premiepension-2025-05-31.xlsm,https://www.pensionsmyndigheten.se/content/dam/pensionsmyndigheten/blanketter---broschyrer---faktablad/statistik/premiepension/m%C3%A5nadsstatistik/%C3%A4ldre-m%C3%A5nadsstatistik-%C3%B6ver-fondhandel/2025/Statistik-Premiepension-2025-05-31.xlsm,1731719
2025/Statistik-Premiepension-2025-04-30.xlsm,https://www.pensionsmyndigheten.se/content/dam/pensionsmyndigheten/blanketter---broschyrer---faktablad/statistik/premiepension/m%C3%A5nadsstatistik/%C3%A4ldre-m%C3%A5nadsstatistik-%C3%B6ver-fondhandel/2025/Statistik-Premiepension-2025-04-30.xlsm,1729091
2025/Statistik-Premiepension-2025-03-31.xlsm,https://www.pensionsmyndigheten.se/content/dam/pensionsmyndigheten/blanketter---broschyrer---faktablad/statistik/premiepension/m%C3%A5nadsstatistik/%C3%A4ldre-m%C3%A5nadsstatistik-%C3%B6ver-fondhandel/2025/Statistik-Premiepension-2025-03-31.xlsm,1726739
2025/Statistik-Premiepension-2025-02-28.xlsm,https://www.pensionsmyndigheten.se/content/dam/pensionsmyndigheten/blanketter---broschyrer---faktablad/statistik/premiepension/m%C3%A5nadsstatistik/%C3%A4ldre-m%C3%A5nadsstatistik-%C3%B6ver-fondhandel/2025/Statistik-Premiepension-2025-02-28.xlsm,1719410
2025/Statistik-Premiepension-2025-01-31.xlsm,https://www.pensionsmyndigheten.se/content/dam/pensionsmyndigheten/blanketter---broschyrer---faktablad/statistik/premiepension/m%C3%A5nadsstatistik/%C3%A4ldre-m%C3%A5nadsstatistik-%C3%B6ver-fondhandel/2025/Statistik-Premiepension-2025-01-31.xlsm,1759626
