id,year,title,winner_collection,flagged_other_award,words,pages,contents_heading
846,2009,Implied Dividends and Equity Returns,False,False,10792,34,True
841,2009,Stock Returns on Football Clubs: The Effect of Surprises on the Pitch ,False,False,21039,78,True
839,2009,"Performance Persistence, Fund characteristics and Initial Fund Performance in Swedish Mutual Funds",False,False,13470,33,False
834,2009,Stock and bond returns in Europe with the European Central Bank,False,False,12055,47,True
1112,2010,"Corporate Governance Codes, Board Evaluations, and Director Turnover: A Study on Scandinavian Boards of Directors",False,False,15168,49,True
1009,2010,Ingredient hedging and firm value: A study of agricultural commodity price exposures ,False,False,16727,44,False
1020,2010,Herd Behaviour and Preying on the Weak - On Price Dispersion and the Intra-Distribution Mobility of Retailers in the Swedish Online Market,False,False,13846,36,True
1002,2010,Illiquidity pricing and the drivers of market liquidity: Evidence from the Swedish market ,False,False,14701,39,False
1006,2010,"Equity Transmission Effects and Autocorrelations across the U.S., the Eurozone and Japan",False,False,17362,70,True
1010,2010,"Risk, Price Level and Return in the Swedish Housing Market: A Panel and Cross-Sectional Analysis",False,False,11008,43,True
1008,2010,Predicting the smile: A study on the properties of the volatility surface of S&P Composite 500 Index option ,False,False,12977,45,False
1016,2010,Global Stock Market Contagion: A study of the transmission mechanism of shocks during the 2008 financial crisis ,False,False,6953,27,True
1000,2010,Do Acquirers Offer a Higher Bid Premium to Target Companies as Their Demand Increases?: The Effect of Percent Sought on the Announced Bid Premium ,False,False,30007,77,False
1004,2010,Abnormal return prior to tender offers on the Swedish Stock Market,False,False,16085,57,False
1005,2010,Sphere Performance and the Financial Crisis 2008-2009 - Evidence from the OMXS,False,False,21833,64,False
1019,2010,The Implication of Payout Policy on Stock Performance,False,False,15980,40,False
1013,2010,Private Ownership and Stock Performance,False,False,6552,20,False
1011,2010,IPO Share Lockups-Unlock Day Effect: An empirical study on Nordic data ,False,False,7266,22,False
1014,2010,The Effect of Managerial Turnover on Stock Performance,False,False,20510,60,False
1027,2010,Dodging the Leveraged ETF Bullet - An Innovative Trading Strategy,False,False,18055,39,False
1003,2010,How to generate abnormal returns: An examination of how two famous trading strategies worked during the last two decades ,False,False,17420,57,False
1025,2010,Momentum under different market climates: Evidence from the South African market,False,False,14325,36,False
1028,2010,The Decoupling of the CDS and Bond Markets: An Empirical Study of the CDS-Bond Basis of the Credit Crisis,False,False,18021,40,True
1045,2010,The New Swedish Beta: A Study of Single-Factor Domestic CAPM Mispricing by Swedish Industry ,False,False,7554,24,False
901,2010,Does it Pay to Read the Newspaper?: - An Analysis of Newsђ́ة Impact on Stock Prices ,False,False,8928,31,True
1248,2011,The Impact of Short Sale Bans on Option Trading Activity: Evidence from the Financial Crisis of 2007-2009 and its Aftermath,True,False,27742,60,True
1218,2011,"Gender quotas, firm performance and firm value: The Norwegian example",True,False,18299,49,True
1250,2011,Co-op Debt and the Pricing of Apartments,False,False,10491,28,False
1252,2011,Conversion of municipal rental units into cooperatively owned dwellings - an empirical study of which factors that affect the price and the conversion decision,False,False,12095,33,False
1302,2011,Safe haven currencies - An empirical study of the Swedish krona,False,False,14069,42,True
1280,2011,CEO - the explicit value,False,False,11906,48,False
1287,2011,Secondary Buyouts and Industry Factors -  Can Secondary Buyouts across Industries be Explained by Mispricing?,False,False,19903,55,True
1306,2011,Mutual Fund Performance and Number of Fund Managers: A Swedish Perspective,False,False,16720,38,True
1304,2011,Busy Directors and the Performance of Swedish Companies,False,False,10001,33,True
1299,2011,The Determinants of Capital Structure - An Empirical Study of Differences between Swedish SMEs and Large Firms,False,False,12951,40,True
1297,2011,"China-focused Mutual Funds: A Study of Performance, Selectivity and Market Timing",False,False,18130,45,True
1319,2011,Do macroeconomic variables improve credit loss forecasting?,False,False,18622,62,True
1307,2011,Analyst Recommendations: Price Impact and Stock Market Predictability,False,False,11828,35,True
1303,2011,Trade fragmentation and its impact on pre-trade liquidity,False,False,23910,65,False
1289,2011,A study of the risk-return relationship in the Swedish housing market: evidence from an H-CAPM model,False,False,17163,48,True
1288,2011,Can the Momentum Strategy be Improved by Adding a Risk Measure?,False,False,12387,35,False
1300,2011,Why do hedged mutual funds underperform hedge funds? A study of liquidity risk and IPO first-day returns,False,False,13316,56,False
1305,2011,Tick Size Reduction and Market Quality: The Stockholm Stock Exchange,False,False,17406,49,True
1266,2011,Exploring the Momentum Strategy,False,False,8981,24,False
1267,2011,The Distress Risk Puzzle in Turbulent Times - Default risk during the financial crises,False,False,8941,23,False
1268,2011,Predictive Power of the Volatility Smile,False,False,10131,35,False
1269,2011,Does a Local Advantage Exist in Private Equity?,False,False,18294,35,True
1270,2011,Stock market cointegration in Europe,False,False,9875,29,False
1718,2012,The effectiveness of CEO incentive systems in Swedish Corporate Governance. What is the firm value added by CEO option ownership?,False,False,22640,66,True
1670,2012,Strategy Distinctiveness of U.S. Equity Mutual Funds,False,False,13604,49,True
1660,2012,"Age is just a number, isn't it?  A study on the influences of executive age on corporate policy, the selection of CEOs and CEO employee tenure",False,False,8148,30,False
1676,2012,Operating Performance of Nordic Reverse Leveraged Buyouts,False,False,17753,45,True
1663,2012,How Sweden Manages Fund Management - a descriptive and analytical assessment of central Swedish law and regulation concerning fund investment in the 1990-2007 period,False,False,43622,53,True
1661,2012,How Is the Liquidity and Volatility Affected by Implementing Round Lot One? Evidence from the Stockholm Stock Exchange,False,False,17627,47,True
1667,2012,Alcoa - a Bellwether for the American Earnings Season?,False,False,16011,43,False
1651,2012,Tick sizes and stock market volatility: A regression discontinuity approach,True,False,17902,55,True
1637,2012,The Need for Speed - The Importance of Low Latency in a High Frequency Trading Environment,False,False,12040,41,True
1648,2012,How Do Individual Investors Take Risk? - A Study on Risk in Contribution-Defined Pension Plans,False,False,13843,39,True
1650,2012,The Swedish housing mortgage reform's impact on house prices: A study of the development of Scandinavian house prices following the 85 percent mortgage cap in Sweden,False,False,13498,37,True
1482,2012,Implications of the Spanish Bankruptcy Reform on Corporate Cost of Debt,False,False,8970,29,True
1462,2012,"Dividend decision in closely held companies  -  An event study of the Swedish 3:12 chapter tax code changes on Jan 1, 2006",False,False,15710,56,True
1463,2012,Mutual Fund Behavior in Volatile Markets - a Study of the Swedish Premium Pension System,False,False,16723,46,True
1675,2012,The Capital Structure Dynamics of Swedish Firms over the Business Cycle - Leverage Cyclicality and Credit Supply Contractions,False,False,13011,41,True
1674,2012,Institutional Activism and Firm Performance,False,False,17750,55,True
1673,2012,The Effects of Stock Option-Based Compensation on Share Price Performance,False,False,16256,41,True
1672,2012,Returns to Unethical Investing: New evidence on sin stock performance in Europe,False,False,17356,51,True
1671,2012,The Predictive Power of Price Gaps,False,False,18805,42,True
1669,2012,Private Equity and Value Creation: Evidence from Swedish PE transactions - Investigating the impact of restructuring measures targeting company operations and employees,False,False,23431,62,True
1668,2012,Are Innovative Exchange Traded Funds Threathening the Turf of Traditional Mutual Funds?,False,False,14357,40,False
1666,2012,R&D and Future Stock Returns: A Study of Sweden in the Noughties Under IAS 38,False,False,13129,35,False
1665,2012,A Case Study of a High Frequency Trading Firm,False,False,11666,85,True
1664,2012,Can Google Search Volume Data Help Predict Future Stock Measures?,False,False,22703,42,True
1662,2012,Are Forward Contracts on Swedish Stocks Correctly Priced on NASDAQ OMX Nordic?,False,False,9032,34,False
1658,2012,Labor Bargaining Power and Capital Structure: A Study of the Impact of Labor Bargaining Power on Financial Leverage in Sweden,False,False,19686,50,True
1657,2012,Risk Shifting and Mutual Fund Performance: A Swedish Perspective,False,False,11339,32,True
1656,2012,Propensity to Pay Dividends A Test of The Life Cycle Theory,False,False,13002,37,True
1655,2012,Is Cash Really King? - Form of Payment and Bidder Abnormal Returns in the Swedish Takeover Market,False,False,12871,39,False
1654,2012,Competitive effects of initial public offerings in Sweden,False,False,8722,29,True
1649,2012,The Competitive Evolution of Stock Exchanges - the case of NASDAQ OMX Stockholm,False,False,16840,48,True
1647,2012,The Impact of Regulations on Foreign Banks in China - A Case Study on Citi's Banking Business in China,False,False,11854,40,False
1646,2012,The Diversification Discount in the Oil and Gas Industry: Marathon Corporation Downstream Demerger Case Study,False,False,15316,48,True
1645,2012,The Ex Post Operating Performance of IPO Firms,False,False,22558,58,True
1643,2012,Impact of Recessions on Equity Mutual Fund Allocations,False,False,11980,38,False
1474,2012,"The impact of lobbying regulations on firms' financial performance, value and lobbying activities",False,False,18913,58,True
1457,2012,Commodities to Solve for the Swedish Pension Fund Deficit,False,False,12896,48,True
1659,2012,Gender Diversity in Swedish Board Rooms - The 30 % Solution,False,False,16190,45,True
1807,2013,The Prevalence and Causes of Multiple Directorships,False,False,13113,40,True
1823,2013,The Impact of LOV (Lagen om Valfrihetssystem) on the Swedish Home Care Sector,False,False,11514,36,True
1843,2013,Long-term Value Creation of Private Equity Firms,False,False,13558,50,True
1844,2013,Government's effect on too big to fail guarantees,False,False,11258,43,True
1865,2013,Index-Tracking: The Performance of Swedish Index Funds from an Investor Perspective,False,False,24548,67,True
1875,2013,The effect of the Swedish mortgage cap on house prices depending on the loan-to-value ratio: A regional study within Sweden,False,False,13957,45,True
1878,2013,"Market Reaction to U.S. Debt Crisis - An Event Study of the U.S. Debt Crisis and Credit Rating Downgrade in 2011, Focusing on Government Suppliers and Bailout Recipients",False,False,9080,42,True
1887,2013,A Blueprint for Europe? - Investigating a Financial Transaction Tax on the French Market,True,False,11819,35,False
1897,2013,The Skewed Perception of the Distribution of Stock Returns,False,False,20235,54,True
1899,2013,Unconventional Stock Market Predictors And the Unstable Performance of Traditional Stock Market Predictors,False,False,9425,35,True
1958,2013,Liquidity and asset pricing on the Swedish Stock Market,False,False,6685,30,True
1967,2013,The effect on mortality of having a Chief Executive Officer position: An analysis of Swedish data from 1997-2009,False,False,14416,45,True
1980,2013,Drivers of the Disposition Effect: A Study Testing for Motivating Forces of Investors' Propensity to Realize Gains over Losses,False,False,9854,32,True
1879,2013,Fatal Policy or Market Adaptation?,False,False,20281,61,False
1895,2013,Does legal origin affect Swedish FDI? An empirical analysis,False,False,12170,40,True
1835,2013,The US Holiday Effect: Evidence from Nordic markets on the impact of US investors,False,False,11996,38,True
1873,2013,An Equal Risk Contribution Portfolio Approach Using VIX Futures,False,False,14929,68,True
1801,2013,Has S&P's impact on equity returns changed due to the financial crisis?,False,False,10763,45,True
1911,2013,The accuracy of Value-at-Risk estimates - The effect of the amount of historical data used,False,False,7953,28,True
1914,2013,Time-Varying Correlation and the Benefits of Cross-Asset Class Diversification,False,False,15651,63,True
1929,2013,The Double Covered Question - Do Swedish Covered Bonds Adhere to the Covered Interest Parity,False,False,18630,67,True
1985,2013,The Index Effect in an Isolated Environment - A Review of the Market Cap Segment Changes on the Nordic Exchanges,False,False,28866,64,True
1921,2013,Telling True from False: Do Markets React Efficiently to Takeover Rumors?,True,False,29214,64,True
1943,2013,The Role of Prospectuses and Guarantees in Rights Issues,False,False,14697,51,True
1955,2013,Short Selling Bans: An Effective Tool in Times of Crisis?,False,False,11594,51,False
1908,2013,The impact of government intervention on stock prices: A study of signaling effects of bailout on U.S. banks during the financial crisis in 2008,False,False,14586,50,True
2324,2014,Strategies and Firm Performance during Implementation of Gender Quotas,False,False,13531,45,True
2356,2014,How Good Are Analysts at Handling Crisis? - A Study of Analyst Recommendations on the Nordic Stock Exchanges during the Great Recession,False,False,15937,54,True
2358,2014,Gender Effect on Corporate Risk Taking,False,False,14668,71,True
2357,2014,Alternative Index Weighting Strategies on the Swedish Stock Market,False,False,16870,41,True
2289,2014,How to Invest the Swedish Occupational Pension - Are there any simple and easily applicable pension investment strategies generating better alphas than the Default Options do?,False,False,11529,44,True
2359,2014,The Alleged Value of Active Management,False,False,15168,51,True
2326,2014,The exposure to illiquidity of stocks - a study of the determinants with a focus on the 2007-2009 financial crisis,False,False,11998,39,True
2335,2014,How does the time in portfolio affect private equity portfolio company performance?,False,False,14524,40,True
2364,2014,The Olympic Games - Investor Mood and its Effect on the Stock Market,False,False,15214,41,False
2362,2014,Equity Research Analyst Bias in Stock  Recommendations,False,False,14093,50,True
2361,2014,Risk Factors in the Returns for Banks in the European Union,False,False,24398,77,True
2355,2014,Control beyond warranted by the equity,False,False,16779,54,True
2354,2014,Long-run Performance of Market-timing IPOs,False,False,11534,33,False
2352,2014,Do women have to choose between family and career?,False,False,4126,36,False
2351,2014,Should I stay or should I go? - Exploring the causal operating performance impact of private equity ownership in family firms,False,False,11711,33,True
2350,2014,Analysts' Forecast Accuracy in the United States: Optimistic and Pessimistic Bold Forecasts,False,False,22316,60,True
2349,2014,Shareholder Activism and Bond Price Returns,False,False,9342,39,False
2329,2014,"The Option Volume to Stock Volume Ratio, Market Efficiency and Future Returns",False,False,17191,49,True
2317,2014,Good Will or Risky Business? - The required risk premium for stocks with goodwill,False,False,11568,36,False
2314,2014,The IPO Process and its Impact on Underpricing: A Case Study of Motion Display Scandinavia AB,False,False,16615,46,False
2312,2014,How Culture Affects Risk Aversion - A Cross-Country Analysis of the Mutual Fund Industry,False,False,8685,31,True
2310,2014,Abnormal Returns in the Luxury Goods Industry,False,False,21658,70,True
2294,2014,Religious Frictions on the Capital Markets,True,False,15785,49,True
2253,2014,A cross-county comparison of stock reactions to price changes in commodities,False,False,11135,41,True
2238,2014,Equity Market Timing and the Capital Structure of Swedish Firms,False,False,16455,70,True
2125,2014,Value versus Growth on OMXS and Asymmetric Responses to Earnings Surprises,False,False,11160,37,True
2283,2014,Performance timing - Is there a difference between PE-backed and non PE-backed IPOs?,False,False,17302,54,True
2651,2015,"It is not what you know, it is who you know",False,False,14454,42,True
2552,2015,Fund Flow Risk and Cross-Sectional Asset Prices,True,False,11575,33,False
2659,2015,Time to Come Out of the Closet: A Study of Active Fund Management in Sweden,False,False,11308,43,True
2556,2015,BEHIND THE SCENES OF TERROR - A study of the drivers behind the market reaction of terrorist attacks,False,False,10670,37,True
2541,2015,Asset Allocation and a Low Interest Rate Environment,False,False,16230,48,True
2258,2015,Mergers and Acquisitions in Up- and Down-Markets - An event study analysis of the impact of the market valuation on mergers and acquisitions and their future operating performance,False,False,6120,27,True
2661,2015,The innovative characteristics of target firms: An analysis of Swedish data from 1998 to 2014,False,False,13443,73,True
2539,2015,The link the market refuses to accept: Political variables and the excess returns on the Swedish stock market,False,False,16902,65,True
2507,2015,CSR Reporting and Stock Performance in Swedish Listed Companies,False,False,10392,40,True
2664,2015,Implications of Insider Trading for Market Efficiency: Empirical Evidence from the Swedish Stock Market,False,False,15230,36,True
2522,2015,Do CEO stock options induce risk-taking? - A study on Swedish companies,False,False,12683,41,True
2531,2015,Swedish Investment Companies and Behavioral Determinants of the Relative Valuation to NAV,False,False,16699,48,False
2572,2015,The Choice of Payment Method in European Mergers and Acquisitions - The Aftermath of the Financial Crisis,False,False,11749,37,False
2560,2015,The MAX effect and what drives it - Evidence from the Swedish stock market,False,False,12540,31,True
2508,2015,The Cross-Section of Stocks and Options - Informed Trading & Volatility Mispricing,False,False,17504,52,True
2679,2015,Corporate Governance and the Value of Dividends,False,False,9508,28,True
2668,2015,The Impact of Regulatory Initiatives on Bitcoin: A study on the first regulated exchange in the United States,False,False,12590,41,True
2660,2015,"SRI - ""Superior Return Investment?"" - A study of Swedish socially responsible investment mutual funds over a longer period, evaluating the performance of funds and managers in different market conditi",False,False,13797,44,True
2576,2015,"Capital structure and firm performance, Empirical paper exploring the impact of capital structure on firm performance over time in the Swedish real estate market",False,False,14211,42,True
2657,2015,Regulatory Effects on Voting Premiums in Sweden - Explaining the price differential between share classes during a period of legislative change,False,False,13819,45,True
2684,2015,Ownership Concentration and Firm Performance: Evidence from Sweden,False,False,8448,33,True
2580,2015,Institutional Investors as Drivers of Incentive Compensation - The Development of Institutional Investors' Effect on Structure and Level of Executive Compensation during the 21st Century,False,False,14964,58,True
2702,2015,Resolving the Exchange Rate Puzzle,False,False,23804,72,True
2674,2015,Diminishing Risk-Weights Under the Basel II Accord: A Sign of Better Credit Quality or Regulatory Arbitrage?,False,False,14277,52,True
2529,2015,IPO Underpricing Following Private Placements: An analysis on the effect of equity and debt private placements on underpricing during subsequent IPOs,False,False,14195,39,True
2706,2015,Trends in Abnormal Returns to Hedge Fund Activism: An Empirical Analysis,False,False,7944,29,True
2673,2015,Corporate Bond Credit Rating Biases: Issuance Frequency and Yield Spreads,False,False,14758,48,False
2537,2015,Commodities as a Diversification Instrument: Implications of the Commodity Financialization,True,False,12302,44,True
2513,2015,Reaping the Size and Value Effects: Controlling for Pure Quality,False,False,13554,41,False
2544,2015,"Potential Overreactions and Reversal Effects, Evidence from the Swedish Market",False,False,13609,49,True
2618,2015,Does pre-IPO investor attention affect post-IPO firm value?,False,False,12335,41,False
2637,2015,Does the current influenza activity generate stock market responses?,False,False,14676,44,True
3016,2016,What Are the Effects of Security Selection and Market Timing on Mutual Fund Performance? A Study of Portfolio Returns and Manager Activity in Sweden,False,False,8674,32,True
2939,2016,Giving CSR a run for its money,False,False,22161,65,True
3103,2016,Company revaluation after failed takeover bids - A study of the Nordic stock markets between 1985 and 2015,False,False,10113,30,True
2848,2016,The Impact of Demographic and Socioeconomic Factors on Municipal Bond Coupon Rates,False,False,19570,46,True
2868,2016,Novel insights into stock returns of the US pharmaceutical industry -  An exploration of factors predicting success,False,False,10877,47,True
2977,2016,Assets as hedges against the inflation rate,False,False,16619,65,True
3041,2016,The Determinants of Leverage in Buyouts Before and After the Financial Crisis of 2008,False,False,13588,41,False
2854,2016,Intermediary Asset Pricing and the Swedish Equity Market,True,False,12638,39,False
3047,2016,Corporate Bond Yield Spreads: A Search-based Sentiment Approach,False,False,13320,39,True
3083,2016,Bond Market Access and Financial Leverage,False,False,10201,33,True
2857,2016,Is There a Size Disadvantage in the European Private Equity Market? Measuring the Impact of Committed Capital on Net Buyout Fund Returns,False,False,13024,34,False
2858,2016,Currency Controls' Consequences for Companies,False,False,13855,46,True
2861,2016,Underpricing in IPOs and the Effects of IPO Cyclicality and Owners' Investment Philosophy,False,False,18502,49,True
2883,2016,Takeover Offers and Intra-Industry Effects - An Empirical Analysis of Rival Firms' Stock Price Reactions,False,False,14281,52,True
2622,2016,Seasoned Equity Offerings: The Choice of Method of Issue and Abnormal Returns in the Nordics,False,False,9970,26,True
2895,2016,IPOs of Loss-making Companies,False,False,8243,28,True
2897,2016,Tournament behavior of US corporate bond mutual funds: A non-parametric analysis,False,False,16130,43,True
2901,2016,What effect does CEO age have on corporate decisions? - A comparable study of private and public Swedish firms over the years 1997-2013,False,False,13268,41,True
2902,2016,Swedish SMEs' Determinants of Capital Structure During the 2008 Financial Crisis,False,False,15699,43,True
2916,2016,A Crude Awakening: Hedging Exposure in the Global Airline Industry,False,False,15451,39,True
2927,2016,Swedish Post Earnings Announcement Drift: Implications of Past Earnings on Market Anticipation,False,False,12135,40,True
2945,2016,Size Matters: An Empirical Analysis of Activist Hedge Funds,False,False,9843,29,True
2950,2016,Does Private Equity Affect Firm and Inventor Performance in Pursuing Innovation?,False,False,17530,53,True
2980,2016,Economic Policy Uncertainty and Credit Risk - A cross sectional analysis of company specific CDS spreads across nine industries in the U.S market,True,False,13292,33,False
3007,2016,Performance Evaluation of Swedish Equity Mutual Funds,False,False,13632,48,False
3018,2016,Which Analysts Make the Best Stock Recommendations?,False,False,12022,41,True
3093,2016,Insider trading and excess returns: Evidence from the Swedish stock market,False,False,11429,34,True
2996,2016,Stock Herding among Swedish Mutual Fund Managers,False,False,8522,35,True
2919,2016,"Does Google Search Data Provide Information About Current and Future Stock Behaviour? - A study on how Google searches relate to stock returns, liquidity and volatility",False,False,13983,62,True
3020,2016,Management Dividend Forecasts in the Nordics (An empirical study of post IPO management dividend forecast accuracy),False,False,12044,36,False
2879,2016,Firm complexity and IPO underpricing,False,False,13256,44,True
3074,2016,Earnings Surprises and the Cross-Section of Stock Returns,False,False,9414,34,True
3026,2016,Altruism or Nepotism? A Study of Financial Firms' Connections to Presidential Candidates and the Resulting Impact on Stock Returns,False,False,11248,36,True
2921,2016,Forecast Precision of Value at Risk: An Evaluation of ARCH-Type Models,False,False,18984,49,True
3416,2017,Macroeconomic determinants of the time-varying correlation between stock and bond returns: A study of the Swedish market,False,False,11011,39,True
3329,2017,On the pricing of non-convertible preferred stock offerings,False,False,19801,51,False
3343,2017,The Effect of Monetary Policy on the European Corporate Bond Market - Evidence from the yield and credit spread curve term structure,False,False,13862,48,True
3231,2017,It takes two to tango: The relationship between pay-performance sensitivity and remuneration committees,False,False,11314,40,False
3255,2017,Can Investors Benefit from Using a Simple Fundamental-Based Stock Selection Strategy?,False,False,15874,44,True
3263,2017,The Predicament of Excess Cash and M&A in an Agency Conflict Context: Evidence from the U.S,False,False,12662,33,False
3273,2017,The 2008 Financial Crisis Impact on Capital Structures Within the Shipping Industry,False,False,11351,39,True
3327,2017,Does Firm Size Matter? Measuring the Operational Performance Development in Management Buyouts,False,False,17095,41,True
3393,2017,Stock Market Reactions to Corporate Misconduct,False,False,12915,42,False
3396,2017,Constructing a Volatility Risk Premium Using Gaussian Process for Regression,False,False,11476,39,True
3399,2017,The Impact of Competition on Bank Risk Taking Under Negative Policy Rates,False,False,11144,37,False
3415,2017,Pre-issue attention and the performance of an IPO,False,False,10050,35,False
3419,2017,"Predicting Corporate Credit Ratings: A Comparative Study Between Ordered Probit, Neural Network and Random Forest",False,False,19500,48,True
3445,2017,Financial Analysts' Herding Behavior in a Fluctuating Macro-economy,False,False,9568,35,False
3456,2017,The Rise of the New European Military Industrial Complex under Trump,False,False,9343,31,False
3483,2017,The performance of Nordic private equity-backed IPOs: An empirical study on underpricing and aftermarket abnormal returns,False,False,14598,40,True
3514,2017,Premiums offered by private equity firms post 2008 - An analysis of premiums paid by private equity acquirers compared to private operating acquirers in US PTP transactions,False,False,14478,55,True
3525,2017,Profitability and Tax Avoidance,False,False,15388,40,False
3628,2017,"Political Uncertainty on the UK Real Estate market, evidence from the Brexit referendum run-up",False,False,11503,33,True
3371,2017,"The older the fiddle, the sweeter the tune? A study of the relationship between age and performance of actively managed Nordic equity mutual funds",False,False,11618,58,True
3455,2017,Is it worth getting active? A study on active share and fund performance in Sweden,False,False,9158,31,True
3259,2017,Overvaluation in the housing market and its effect on the performance of listed real estate companies,False,False,11331,50,True
3324,2017,Dual-class share structures in family firms and the effect on innovation,False,False,13097,42,False
3519,2017,Solving the Swedish Muni Puzzle - Piece By Piece,True,False,18755,51,True
3439,2017,Age Is Not Just a Number: A study on CEO age and the propensity to be acquired,False,False,22013,55,False
3787,2017,Did the Covered Bond Issuance Act decrease the required yield of bonds issued to finance mortgage lending?,False,False,16474,53,True
3481,2017,The Macroeconomic Determinants of Venture Capital Investments,False,False,17211,60,True
3507,2017,Dressing the Bride Phenomenon - Earnings management on the Swedish IPO market,False,False,12379,49,True
3494,2017,Diversification benefits of investments in emerging markets - A Swedish perspective,False,False,11697,48,False
3247,2017,The Pre-Monetary Policy Announcement Drift on the Stockholm Stock Exchange,False,False,17489,51,True
3484,2017,Does CSR Improve Financial Performance?,False,False,17300,61,True
3435,2017,"Contracting on the Streets, Agency Problems in Term Sheets:  A Case Study on Financial Contracts in the Swedish Venture Capital Industry",False,False,14216,40,True
3529,2017,Smart Beta ETFs.Smart Investment or Smart Marketing?,False,False,14332,54,True
3522,2017,Unbundled costs of transactions and external research as characteristics of actively managed Swedish mutual funds,True,False,15177,58,True
3470,2017,Special Examination -  For Better or for Worse? A study on the minority shareholder protection measure  special examination on Swedish companies.,False,False,21345,67,True
3342,2017,Breaking Through the Great Wall of Guanxi: How Western venture capitalists initiate and build guanxi with founders of Chinese startups,False,False,14252,38,True
3249,2017,Value Relevance of Environmental Capital Expenditures: New Evidence from the EU/EES Electric Utilities Sector,False,False,15349,52,False
3454,2017,Do Green Buses Make Property Prices Rise? A Regression Discontinuity Approach,False,False,12721,54,False
3966,2018,Performance and Efficiency of the Nordic Exchange Traded Fund Market,False,False,14783,44,True
3968,2018,"Mirror, Mirror on the Wall: The Intergroup Bias and Access to Venture Financing",True,False,14971,50,True
3975,2018,A ticking bomb? Leverage in Swedish Housing cooperatives. A study of consumer inattention toward important financing parameters hidden in the BRF,False,False,11758,49,True
3977,2018,Herding Behavior in Forecasting of European Companies: Optimism and the Impact of the MiFID,False,False,15451,41,False
4001,2018,International capital in Swedish businesses: A study of the relationship between foreign ownership and firm performance,False,False,14237,46,True
4023,2018,Ownership Concentration and IPO Underpricing on the Stockholm Stock Exchange,False,False,17180,48,True
4090,2018,Capital Structure and Excess Returns across Business Cycles,False,False,16037,50,True
4091,2018,Private Equity's Effect on Financial Fragility in Sweden,False,False,16792,49,True
4100,2018,The Green Bond Yield Dilemma,False,False,14393,44,True
4101,2018,"Nordic Private Equity Performance - Do Nordic Private Equity funds outperform public markets, and how do they compare to their global counterparts?",False,False,24735,69,True
4102,2018,Does CSR engagement pay off?,False,False,13880,44,True
4105,2018,Momentum in Stock Returns Following Dispersion and Consensus in Analysts' Forecasts,False,False,17497,75,True
4092,2018,Investor Activity and Returns in the Swedish Premium Pension,False,False,9779,45,True
4113,2018,Putting a Piece in the Dividend Puzzle,False,False,10753,44,True
4121,2018,Can the corporate bond issuances of Swedish real estate firms be estimated and predicted by publicly available data?,False,False,22924,68,True
4125,2018,Herd Behaviour Myopia: Problems with assessing market rationality on the US stock market based on conventional herding measures.,False,False,16012,56,False
4131,2018,The Effects of Institutional Factors on the Underpricing of Initial Public Offerings,False,False,15222,44,True
4132,2018,The Effect of Open-end Index Revisions - A study of market efficiency on the Swedish Stock Exchange,False,False,14762,44,True
4136,2018,Spin-offs and Shareholder Value Creation: Factors Affecting the Returns Associated with Spin-off Announcements,False,False,12224,37,True
4141,2018,The impact of pension financing on company performance,False,False,15283,60,True
4142,2018,Battery Electric Vehicle Adoption and the Importance of Free Parking,True,False,16227,57,True
4148,2018,Earnings Manipulation and Excess Returns A study on the Swedish stock exchange,False,False,10833,44,True
4110,2018,How Investor Characteristics Shape Sin-Stock Performance in Europe,False,False,16671,44,True
4119,2018,On the performance of sustainable funds during periods of crisis and non-crisis A quantitative study of the performance of sustainable funds from 2005 to 2013 in Sweden.,False,False,15683,53,True
4107,2018,A not so revolutionizing tax reform - A comparative study of the Swedish Investeringssparkonto and capital gains account,False,False,11524,44,True
4088,2018,Revealing the life above the ceiling - A study of the glass cliff in Sweden,False,False,14743,42,False
4123,2018,Cross-Firm Variations in Portfolio Recommendations for Robo-Advisors,False,False,12833,46,False
4147,2018,Big Data Strategies - Worth the Hype?,False,False,21076,48,True
4118,2018,Negative equity and its effect on divorce rates,False,False,12057,41,False
4096,2018,The Curse of Private Equity: Exploring the Size-Performance Relationship of Private Equity Firms,False,False,15035,46,True
4103,2018,Return Predictability and Strategic Asset Allocation (A study examining return predictability on the Swedish market and strategic asset allocation of the Swedish buffer pension funds.),False,False,15277,42,False
4126,2018,Analysts' Expectations and Stock Returns on the London Stock Exchange,False,False,10663,41,True
4138,2018,Does the Introduction of Wind Turbines Have an Impact on Surrounding Property Prices? A Hedonic Difference-In-Differences Approach,False,False,14896,44,True
4149,2018,The Effects of Monetary Reward Distribution on Company Performance - Introducing Wage Dispersion Volatility,False,False,9312,35,True
4150,2018,Consumer bank runs in a world of central bank backed digital currency,False,False,10407,34,False
4130,2018,Money Talks-Institutional Investors' Ability to Affect Their Holdings Using Norm Based Exclusions and Dialogues,False,False,14529,51,True
3999,2018,Should you put some of your eggs in the peer-to-peer lending basket?,False,False,11550,44,True
4040,2018,Bankruptcy Prediction of Swedish SMEs and the importance of CEO characteristics,False,False,14675,46,True
4097,2018,Under the CSR umbrella - The effect of CSR performance and Human capital commitments on Corporate financial performance,False,False,17217,51,True
4094,2018,Dual-Class Stocks in the Technology Sector - An Asset Pricing Study,False,False,13904,42,True
4128,2018,Empirical evidence of stock return predictability using macroeconomic variables,False,False,14848,41,False
4146,2018,Return Predictability: Can correlation effectively predict returns?,False,False,17020,66,True
4114,2018,Navigating the Gender Equality Maze: A study investigating how gender diversity reflects corporate value,False,False,17916,56,False
4441,2019,The Rise and Fall of the Pre-FOMC Announcement Drift,False,False,6776,30,True
4237,2019,Female Corporate Leaders and Firm Financial Performance- A study of 152 Swedish Public Companies during the Period of 2010-2017,False,False,15373,50,False
4425,2019,The New Banking Era: The Effects of the Digitalization on the Efficiency of Swedish Banks,False,False,10539,37,True
4461,2019,When Private Equity Becomes Less Private - A study of aftermarket performance of private equity-backed companies,False,False,14561,45,True
4432,2019,Insider Gains and Extreme Firm Valuation: Investigating Insider Trading in the Context of Firm Valuation in the Swedish Equity Market,False,False,13425,44,True
4460,2019,P2P Lending - An Investor's Perspective on the Measurement of Return and Factors Impacting Default Hazards,False,False,13688,39,True
4449,2019,Combining Value and Quality on the Swedish Equity Market: Does it hold over time?,False,False,16105,42,True
4451,2019,Banking Relationships and first-day IPO Performance - Evidence from ex-ante pricing of Swedish firms,False,False,21381,51,False
4456,2019,R&D Induced IPO Underpricing - Money Gladly Left on the Table,False,False,13409,38,True
4427,2019,The Swedish Value Premium and Disasters: The Missing Piece of the Puzzle?,True,False,10311,29,True
4251,2019,Chasing Sustainable Stocks: A Superior Investment Decision? - An ESG Investment Study,False,False,15996,54,True
4458,2019,Momentum Returns in Different Market Climates: Evidence from the Pakistani Stock Market,False,False,8816,31,True
4457,2019,Does earnings response following CEO turnovers depend on successor origin?: A study on post-turnover earnings response coefficients in North America,False,False,11161,41,True
4455,2019,The Era of Socially Responsible Investing: Performance of Swedish Socially Responsible Funds During Market Crises,False,False,14697,45,True
4454,2019,She's Back(ed) in Business: A Study About Gender Differences in Crowdfunding Outcomes,False,False,12678,48,True
4453,2019,Should You Sin? Sin Stock Over-performance in the Age of Socially Responsible Investing,False,False,10682,38,True
4452,2019,Value creation through spin-offs: Swedish evidence between 2010-2018,False,False,11634,42,True
4450,2019,An Offer Africa Can't Refuse? A Disaggregated Analysis of Chinese Vote Buying and African Debt Pressures in The UN,False,False,16327,48,True
4448,2019,More Is Less - Scalability in Swedish Mutual Equity Funds,False,False,12520,39,True
4447,2019,Retention of Equity: Can It Mitigate the Hidden Costs in Initial Public Offerings?,False,False,14574,50,True
4446,2019,"There is such a thing as a free lunch, but it will cost you: a study on costly arbitrage and the index effect",False,False,14716,49,True
4445,2019,Dry Powder in Private Equity: How Does It Relate to Performance and What Are the Implications for Investors?,False,False,9465,34,True
4444,2019,Brexit and Sweden: An Examination of the Swedish Stock Market's Reaction to Brexit,False,False,13284,48,True
4435,2019,How Does the Use of Proceeds Affect the Green Bond Premium?,False,False,11333,35,True
4443,2019,Overvalued stock: M&A or SEO? A study of the performance and decision making of overvalued firms.,False,False,11464,34,True
4442,2019,Portfolio Optimization with Catastrophe Bonds,False,False,15301,49,True
4440,2019,Primary market green bond pricing - Is there a difference in issue price between green bonds and non-green bonds in the primary bond market,False,False,9654,36,True
4438,2019,Premiums in public buyouts and the impact of CSR,False,False,13514,46,True
4434,2019,In the Periphery of Financial Markets: Asset Pricing of Cryptocurrencies,False,False,12725,44,True
4433,2019,The issuer perspective on green bonds: A study on why firms issue green bonds on the Swedish capital market,False,False,11866,41,True
4430,2019,The Attitude Behind the Decisions: Sustainability within Asset Management,False,False,7287,34,True
4429,2019,A Rigged Path to Success? - A Study of Gender Bias in Venture Funding,False,False,12639,44,True
4428,2019,Illiquidity and Stock Returns: Evidence from the 2007-2016 Period on the Stockholm Stock Exchange,False,False,9129,36,True
4426,2019,Tobin's q and the Signaling Effect of Filing Lag in Explaining Firm Performance,True,False,10842,29,True
4413,2019,Brexit's effect on UK ADRs,False,False,8751,32,False
4431,2019,A Study of the BRF 2.0 Concept - The Impact of Radically Increased Leverage in Swedish Housing Cooperatives,False,False,17583,58,True
4439,2019,Sustainable Mutual Funds and Investor Behavior: A Study on Swedish Sustainable Mutual Equity Funds,False,False,12094,40,True
4420,2019,Adding Value to the Urban Realm: A Study on Pedestrianization and Property Prices,False,False,12017,44,False
4459,2019,Private Equity & Pets: A study on the effects of Private Equity entry on the Swedish veterinary care market for companion animals,False,False,15188,47,True
4693,2020,Marketplace lending - A study of the relationship between alternative lenders and commercial banks,False,False,12527,41,False
4679,2020,Interest Rate Volatility and its Effect on Interest Rate Options,False,False,6712,26,False
4694,2020,Examining the Existence of the Financial Distress Risk Anomaly: Evidence from the U.S. Stock Market,False,False,8843,27,False
4684,2020,Are Acquirers Willing to Pay More for Strong ESG Performance?,False,False,17592,40,False
4609,2020,Abnormal returns through spin-offs: Empirical review of Swedish spin-off cases with announcement date between 2004-2018,False,False,8513,29,False
4700,2020,Sensitivity Matching Through Market Power: Bank Hedging in the Age of Low Interest Rates,False,False,9127,40,False
4659,2020,A Comparison of Asset Pricing Models on Nordic Markets,False,False,12950,48,False
4668,2020,Private Equity and Capital Expenditures: What Happens After the IPO?,False,False,12531,31,False
4670,2020,Firm internationalization and the Debt Cost of Capital: Evidence from publicly traded debt in the US,False,False,10412,33,False
4566,2020,IPOs & Lockup Length: Can information asymmetry and moral hazard explain lockup length?,False,False,10015,40,False
4627,2020,The Role of Venture Capital Funding on IPO Underpricing: A Study on U.S. IPOs Between 1985 and 2020,False,False,9592,28,False
4631,2020,Carb-on or Carb-off? : Carbon-intensive stocks' performance in an age of socially responsible investing,False,False,11663,39,False
4633,2020,Are investors better safe than sorry? The impact of extreme losses in the return distribution on capital allocation in actively managed equity funds,False,False,12294,37,False
4636,2020,Is there a Swedish Size Effect? Controlling for Quality,False,False,13235,38,False
4637,2020,Corporate Payout Policy During the 21st Century,False,False,8404,23,False
4628,2020,Recurrent Neural Networks for volatility estimation -  a comparative study of machine learning and traditional methods for volatility estimation,False,False,8612,35,False
4640,2020,Competition in the Credit Rating Industry: How Competition between Rating Agencies affects Rating Quality,False,False,17404,34,False
4641,2020,Dirty Stock Returns in the Era of Sustainability: A Study of the World's Largest Carbon Market,False,False,10557,38,True
4642,2020,The Hot Tech Issue Market:  A Study on Underpricing and Long-Run Post-IPO Performance of Swedish IPOs,False,False,14160,40,False
4643,2020,What is the Optimal Allocation Level to Real Estate in a Swedish Mixed-Asset Portfolio Including both Direct and Indirect Real Estate?,False,False,15373,44,False
4644,2020,Politicians for Rent: An Investigation of the Financial Value of Rent Seeking Activities in Hong Kong,False,False,13088,44,False
4646,2020,Care to Specialise? A Swedish Study on the Effects of PE Ownership and PE Specialisation Strategies on Company Operating Performance,False,False,16277,47,False
4654,2020,Better off Without You? A Study on Capital Allocation Efficiency of Spin-offs in the United States,False,False,11045,38,False
4665,2020,Probability of Default and Credit Spreads in Banks: Examining a Modified Merton Model for Assessing Bank Risk,False,False,9097,31,False
4667,2020,Excess Comovement by Index Events: An Extension to the Swedish Stock Market,False,False,12649,29,False
4673,2020,Fama and French Revisited: Value versus Growth in an International Setting,False,False,7683,32,False
4674,2020,Team Attributes and Investor Attractiveness: The Relationship Between Founder Characteristics and Startup Funding,False,False,12555,41,True
4682,2020,Comparing Apples and Apples: The Impact of Operational Changes on Operational Performance Post LBO,False,False,12475,33,False
4686,2020,"Following the Stream: The Effects of Social Norms on Oil, Gas, and Coal Stocks",False,False,16348,33,False
4690,2020,The Beta Anomaly in Recessions: Revisiting Beta's role in the Beta Anomaly,False,False,9191,25,False
4695,2020,Banks' Interest Rate Risk Exposure Under Low Rates: Tracing Exposure from Balance Sheet Positions,False,False,11424,36,False
4696,2020,Chasing Your Own Tail: The Market Stability Impact of Leveraged and Inverse Exchange-Traded Funds,True,False,15223,,False
4705,2020,The Invariance Hypothesis and News: Applying the Microstructure Invariance Hypothesis on the Arrival Rate of News,False,False,8417,28,False
4635,2020,Reacting to the eruption of conflict: An event study on the January 2020 U.S. - Iran political escalations and the American defence industry,False,False,15871,40,False
4701,2020,Factors Affecting Investment Research - A Study on the Impact of MiFID II on Analyst Coverage,False,False,8898,43,True
4699,2020,Drivers of Share Price Movements When Earnings are Negative: A Study on SaaS Companies,False,False,10394,28,False
4634,2020,Innovation in Swedish Companies: The Effect of Private Equity Ownership,False,False,8961,34,False
4657,2020,Price Shocks and Investor Irrationality,False,False,18936,45,False
4630,2020,Stock Market Reactions to Dividend Initiations and Omissions: Evidence from Nasdaq Stockholm,False,False,12926,32,False
4681,2020,Long-Run Performance Trends of Private Equity-Backed IPOs: Evidence from the Nordics,False,False,13840,34,False
4632,2020,The Impact of Coverage Initiations: Do Swedish Small Cap Firms Benefit From Analyst Coverage?,False,False,9009,36,False
4683,2020,Center of Attention - A Study of Retail Investor Attention and IPO Performance in Sweden,False,False,16053,36,False
4691,2020,Investor Attention and Return Anomalies: Comparing Direct and Indirect Proxies of Investor Attention and Their Effect on the Swedish Stock Market,False,False,15172,36,False
4658,2020,Bank Stock Returns and Monetary Policy Surprises: Before and After the Financial Crisis,True,False,13446,38,False
4656,2020,Default Risk Within Peer-to-Peer Credit Markets ,False,False,12339,31,False
4554,2020,"Can corporate governance, as a signal of the level of agency cost, have an impact on IPO underpricing? A study on 115 Swedish IPO firms",False,False,15045,47,False
5028,2021,"Market Microstructure Invariance, Bid-Ask Spreads and Impact Costs in the Swedish Stock Market : A Transaction Cost Analysis for Intraday Trading in Swedish Stocks",True,False,14744,46,False
5063,2021,A study on the influence of CSR on Nordic stock performance during Covid-19,False,False,11961,38,False
4889,2021,Myth Busted: Stock Return Anomalies Revisited,False,False,9148,34,False
5020,2021,Information Consumption and Price Informativeness: The Link Between Behavior  and Price Discovery,False,False,15292,44,False
4882,2021,The Existence of Skilled Fund Managers: A Study on Actively Managed Mutual Funds in the US Market,False,False,9878,31,False
4892,2021,Investment Companies and Predictable Returns,False,False,10592,30,False
4897,2021,Financial sponsors' impact on IPO underpricing: A comparison between venture capital and private equity investors,False,False,21096,46,False
4924,2021,Dumb and Dumber: A Study of Capital Flows and Cross-sectional Mispricing,False,False,17941,53,False
4949,2021,In the Eye of a Pandemic: An Event Study of the Swedish Stock Market Reactions to the Covid-19 Press Conferences,True,False,17111,44,False
4955,2021,CSR and firm performance: An analysis of the impact of CSR during the COVID-19 market crash of 2020,False,False,12948,33,False
4957,2021,Banks' Economic Risk Exposures in a Low Interest Rate Environment,False,False,16770,42,False
4962,2021,Swedish Mutual Fund Performance and Persistence,False,False,15294,53,False
4968,2021,Momentum in Financial Crises: An Evaluation of the Momentum Investing Strategy During Different Time Periods,False,False,13085,37,False
4981,2021,"The effects of political uncertainty on options: An empirical study of S&P 500, Euro Stoxx 50, and S&P sectors around political events",False,False,15751,34,False
4994,2021,Everything is Relative: Underlying Mechanisms Affecting Investor Reactions to Contrast Effects in the US Financial Market,False,False,11745,41,False
4995,2021,Hedging and Diversification Benefits of Cryptocurrencies: A study of a novel asset class,False,False,16743,46,False
4998,2021,Corporate Social Responsibility and Financial Performance in Economic Recessions: Evidence from the Covid-19 crisis in Sweden,False,False,11169,30,False
5011,2021,The Effects of Uncertainty on European Mergers and Acquisitions: A Study of the Relationship Between Firm Acquisitiveness and Uncertainty in Europe,False,False,8069,28,False
5021,2021,Cryptos Left on the Table? Underpricing in Initial Exchange Offerings,False,False,11506,38,False
5023,2021,FOREIGN IPOS ON STAR SPANGLED EXCHANGES: A STUDY OF IPO UNDERPRICING FROM 2005 TO 2020,False,False,15858,41,False
5027,2021,Do buyouts still have an operating impact?,False,False,10843,28,False
4987,2021,The Impact of Private Equity on Firm Resilience and Performance During Crisis: A Study of Portfolio Companies in Sweden,False,False,18017,41,False
5034,2021,Publicly Listed or Privately Held: A Comparison of Investment Behavior,False,False,14382,34,False
4879,2021,Going Public and Stepping Up: Do companies become more productive after listing on the stock exchange?,False,False,10774,33,False
4978,2021,Too Good to be True: Arbitrage in Bitcoin Markets,False,False,14314,42,False
4933,2021,Should You Trust Reddit with Your Money? A Machine Learning Approach to Estimating Stock Returns,False,False,10815,41,False
4900,2021,The risk of sub-optimal allocation of government spending when implementing GDP-linked bonds,False,False,7907,28,True
5033,2021,Hot Commodity? The Commodity Currency Hypothesis and the Financialisation of Commodity Markets,False,False,11661,43,True
5030,2021,What Happened to Louisiana? A Case Study on the Economic Growth Effects of Hurricane Katrina,False,False,34654,83,True
5014,2021,Prevailing in the Crisis: A Study of Swedish Private Equity Portfolio Firms during the Financial Crisis,False,False,16351,44,False
4912,2021,Research and Development Spending in Bankruptcy Prediction: Examining an Adjusted Ohlson O-score Model,False,False,14937,45,True
4940,2021,Female Directors on Corporate Boards of private firms: A study on the impact of board gender diversity on firm performance and corporate risk,False,False,21344,55,True
5474,2022,Sweden's Got a Brand New Tax Rate,False,False,18329,42,False
5476,2022,When Russia Turned Off the Tap to Europe: An Event Study of the European Stock Market Reaction During Nord Stream Pipeline Announcements,False,False,20147,45,False
5488,2022,Hot Bull or Cold Bear? How Market Cycles Affect IPO Underpricing,False,False,9930,31,False
5503,2022,Web3 Usage and its Value for Crypto,False,False,9261,34,False
5515,2022,Are Sin Stocks Worth the Sin?,False,False,13670,41,False
5517,2022,"Executive Options and Payout Policy in the 21st Century: A Study of Equity Incentives, Corporate Payout Policy, and the Effects of Disclosure Regulation",False,False,8957,21,False
5522,2022,Cryptocurrency Return Predictors -  A Replicative Reassessment        Rising Stablecoin Growth - Cryptocurrency Return Predictors in New Market Conditions,False,False,8366,32,False
5502,2022,What Goes Up Must Come Down: A Study About Pump-and-Dump Manipulation in the Cryptocurrency Market,False,False,12078,32,False
5533,2022,"Carbon Premium & Policy Uncertainty: An Analysis of Correlation Between Carbon Exposure and Stock Returns, and the Impact of Presidential Elections on Carbon Risk.",False,False,10664,35,False
5491,2022,Sustainable Investing: Effects on Portfolio Returns and Risk in a Nordic Setting,False,False,9744,43,False
5521,2022,Pandemic Reactions: A study on the impact of share repurchase announcements on abnormal returns during the Covid-19 pandemic,False,False,13855,40,False
5180,2022,Determinants of Capital Structure: An Empirical Study on Swedish FinTech Firms,False,False,16857,42,False
5193,2022,Owning The Wave: Equity Ownership Structures and OMX-Stock Returns During the Covid-19 Crisis,True,False,9013,29,False
5201,2022,Changes in the Insider Trading Scene During the Covid-19 Pandemic : A Comparative Study of Insider Trading Behaviour Before and During Covid-19,False,False,11713,34,False
5202,2022,The Green Taxonomy: An Event Study to Evaluate the Impact of EU Taxonomy Announcements on European Sustainable Companies,False,False,14010,51,False
5205,2022,Training AI for asset pricing,False,False,5279,18,True
5211,2022,CEO Compensation in Times of Crisis,False,False,11463,37,False
5213,2022,"Complexity, Order and Underpricing: An Empirical Study of Underpricing in Technology IPOs",False,False,10652,25,False
5226,2022,Sustainable Investments and Stock Returns: A Study of the COVID-19 Pandemic,False,False,18529,45,False
5229,2022,Can FEARS predict market returns?,False,False,10200,30,False
5230,2022,The Effect of Banking Relationships and Prospectus Transparency on IPO Underpricing,False,False,12319,30,False
5231,2022,The Fast Lane:  Event study of stock price adjustments in conjunction with FDA accelerated approval announcements.,False,False,8872,26,False
5232,2022,Active versus passive: Does increased investments in passive funds have an effect on active fund performance?,False,False,7357,30,False
5236,2022,Raising Capital During a Crisis: An Investigation on Market Reactions to Equity Raises Through Rights Offerings and Private Placements in Public Equity Before and During the Pandemic.,False,False,10460,41,False
5237,2022,Exchange Trades Funds and Constituent Price Informativeness,False,False,11130,36,False
5244,2022,A new ETF Landscape and its Relationship to the Volatility of its Underlying Assets - An empirical study of the S&P 500,False,False,10393,37,True
5245,2022,Rational Exuberance: Hedge fund trading strategy in bubbles,False,False,12869,35,False
5247,2022,A New Era of the Swedish IPO Market? A Study of the Impact of Firm Age on Underpricing and Long-Run Post-IPO Performance in the Swedish Financial Markets,False,False,14701,43,False
5253,2022,Dancing in the dark: A study over SPAC performance,False,False,11304,30,False
5248,2022,Can you turn the Trade-off into a Win-Win situation? A study on implications of incorporating ESG's informative value into portfolio management,False,False,12492,39,False
5256,2022,Credit Supply and its Impact on Small Businesses during the Great Recession: An Empirical Study of Low and High Income Counties in the US,False,False,14609,49,False
5262,2022,Skin in the Game: Should Investors Care About Manager and Board Member Ownership?,False,False,11187,28,False
5269,2022,CSR and Value Creation: Does CSR Performance Affect Merger Outcome?,False,False,18553,55,False
5286,2022,Does Mandatory Sustainability Reporting Decrease ESG-rating Disagreement? A Difference in Differences study on the EU Non-Financial Reporting Directive,False,False,14441,53,False
5277,2022,Do Active Fund Managers Outperform their Peers? A Study of Active Management and Performance in the Swedish Mutual Fund Market,False,False,16906,44,False
5290,2022,Do They Know?: A Study of the Impact of PDMR Transactions on Stock Market Returns During the Uncertain Market Conditions of the Covid-19 Pandemic,False,False,25554,51,False
5296,2022,Turning the Titans: Institutional Ownership and ESG Performance in Nordic Firms,False,False,10946,42,False
5314,2022,New kid on the block,False,False,13879,32,False
5315,2022,Insider Trading and Firm Performance: Does insider trading reflect future firm performance on the Swedish market and how can we interpret their behavior from a financial and regulatory standpoint?,False,False,10657,26,False
5322,2022,Fishing in Troubled Waters: The Effects of Blockholder Ownership and Institutional Transparency on Earnings Management in Europe,False,False,15840,43,False
5251,2022,Google Trends and Stocks: Retail Investing's Effect on Trading Performance of Swedish Large Cap Stocks,False,False,12776,37,False
5326,2022,Predicting Liquidity In The Cryptocurrency Market: Testing The Invariance Theory On A New Market Structure And Asset Class,True,False,12601,39,False
5324,2022,The power of momentum: An analysis of momentum extremes within sports betting,False,False,7159,26,False
5298,2022,Predicting the Future with Stock Market Liquidity: A Study of the Swedish Stock Market Liquidity as a Leading Indicator of the Future Business Cycle,False,False,17271,38,False
5208,2022,Government Interventions During a Crisis: An Event Study of the Extraordinary Budget Announcements' Effect on the Swedish Stock Market,False,False,17092,41,False
5218,2022,Escaping the Taxman,False,False,15028,37,False
5297,2022,"Discounts, Commitments, and the Attractivity of Rights Offerings: A Swedish Example",False,False,13984,41,False
5299,2022,The Influence of Institutional Investors on Initial Coin Offering Performance,False,False,13013,38,False
5325,2022,Corporate Bond Inventories and Liquidity Risk Pricing,False,False,8107,29,False
5234,2022,"To Disclose, or Not to Disclose, That Is the Question: The Impact of ESG Disclosure on Retail Investors in an IPO Setting",False,False,17625,54,False
5341,2022,The acute effects of gun violence on the local housing market: evidence of fatal and non-fatal shootings in northern Stockholm,False,False,13219,40,False
5313,2022,Learning From Investor Attention: Examining the Predictive Power of Investor Attention on Market Returns with Machine Learning,False,False,10651,28,False
5249,2022,"Executive Stock Incentives and Corporate Payout Policy: How do executive stock incentives affect payouts, and can they be used to mitigate the free cash flow problem?",False,False,11714,36,False
5318,2022,Media Coverage and the Swedish IPO Market: A Study on Media Coverage and IPO Underpricing in Sweden,False,False,9458,26,False
5302,2022,Bidding on Brown while Asking for Green: An Event Study on the Impact of Carbon Emissions on Stock Returns Following the 2016 U.S. Presidential Election,False,False,14457,35,False
5294,2022,Flirting with the Investor? A Study on the Effects of Female CEOs' Signaling Value on IPO Underpricing,False,False,11959,42,False
5276,2022,Profiting from uncertainty: A study on the informativeness of insider trades during the COVID-19 pandemic,False,False,14953,35,False
5214,2022,Winds of Change: How Swedish Wind Power Generation is Impacting Electricity Prices,False,False,15222,46,True
5288,2022,How Press Conferences and their Sentiment Affected Stock Market Volume and Returns during Covid-19,False,False,24732,71,True
5492,2022,Swedish Corporate Ownership and Choice of Debt: The Effect of Dual Class Shares,False,False,11621,40,False
5267,2022,Are women really more risk averse? A study on gender differences in corporate financial policy decisions,False,False,15727,46,True
5250,2022,Does value investing yield abnormal returns?,False,False,13725,47,True
5246,2022,Winning solves everything - The relationship between financial and sports performance in English football,False,False,14594,43,True
5871,2023,Do Stocks Outperform Treasury Bills? Evidence From a Swedish Setting,False,False,10987,30,False
5872,2023,Profit Warnings and the following Stock Market Reaction - Understanding the effect of issuing profit warnings under different circumstances in the Nordics,False,False,13668,35,False
5873,2023,Payment Method and Public Acquiror Returns: Evidence from the U.S. Market for Corporate Control,False,False,18497,45,False
5874,2023,Navigating through Economic storms - A comparative analysis of stock market responses to recent European recessions,False,False,10898,35,False
5875,2023,Opening The Gates to The Swedish Mortgage Market - A Study on How the Recent Emergence of Mortgage Credit Companies Affects Real Interest Rates in Sweden,False,False,12716,41,True
5876,2023,Is there a carbon emission-return relation? Exploring the existence of a carbon emission return relation in the Swedish stock market,False,False,10619,31,False
5877,2023,Shareholder Advantage and Short-Term Leverage,False,False,10544,36,False
5878,2023,Credible Engagements or Empty Promises? A Study of Investors' Reactions to Commitment to the Science-Based Target Initiative,False,False,7260,21,False
5879,2023,Do Geopolitical Risks Raise or Lower Inflation in Sweden?,False,False,11470,30,False
5880,2023,Unraveling the Impact: An Event Study of the Swedish Stock Market Reactions to the Riksbank's Monetary Policy Announcements,False,False,16577,41,False
5881,2023,Founders And Financials- Machine Learning Algorithms in Venture Capital,False,False,23574,51,False
5882,2023,Buck for the Bang? Abnormal Returns in Response to Arms Donation Announcements During the Russo-Ukrainian War,False,False,19722,80,False
5883,2023,"Ferdinand, the Unpredictable Bull : Cash Flow Distribution Behavior During U.S. Recessions - An Event Time Analysis",False,False,11898,35,False
5885,2023,Value investing and the interpretation of performance and risk,False,False,12832,35,False
5886,2023,The Market's Verdict: CEO Changes and OMX-Stock Market Responses Before and During Covid-19,False,False,8165,28,False
5887,2023,Turning with the tide,False,False,28317,72,False
5888,2023,Navigating the Storm: An examination of IPO Underpricing in 21st Century Crises,False,False,7367,28,False
5889,2023,Constructing a Social Profitability Index: Socially Responsible Investing in Electric Utilities,False,False,10151,27,False
5890,2023,Showing Off in Initial Public Offerings: The Proportion of Institutional Cornerstone Investors in IPOs and the State of the IPO Market,False,False,13815,37,False
5893,2023,"""Den 25:e smäller det!"" Payday Arbitrage in Swedish Consumer Market Behavior",False,False,9032,51,False
5679,2023,Private Equity: The Secret  Sauce for Pandemic-Proof  Performance or Just Another  Quarantine Regret? How PE-backed companies performed during COVID-19 pandemic compared to non-PE-backed companies,False,False,14471,38,False
5682,2023,Beyond Credit Ratings: The Role of (E)SG in Sovereign Debt Investments,False,False,7166,35,False
5704,2023,"Navigating Uncertainty: A Study on the Impact of Policy Uncertainty on Stock Returns, Firm Investment, and Investor Sentiment in the United States",False,False,11919,32,False
5708,2023,Company Characteristics and Investments Related to ESG Ratings - Does Ownership Have an Impact?,False,False,9874,35,False
5712,2023,The Patient Risk-Taker: Understanding the Drivers of Wealth and Inequality Across Countries,False,False,14647,29,False
5713,2023,Geometric Brownian Motion Option Pricing Model for Professional Football Contracts,False,False,9686,30,False
5720,2023,Beyond Borders: Exploring Investor Sentiment and CCEF Prices,False,False,20230,43,False
5722,2023,Green Minus Brown: A Comparative Analysis of the Financial Performance of the ESG Factor,False,False,8886,29,False
5727,2023,The Drivers of Wealth Inequality: The Case of Sweden,True,False,10457,36,False
5728,2023,Industry Effects on Stock Price Crash Risk: Quantifying Industry Effects and the Effect of Structural Industry Characteristics,False,False,17126,38,False
5731,2023,A family affair: The relationship between family control and performance in Swedish public firms,False,False,12975,43,False
5733,2023,Uncorking Profits: Fine Wine for the Bottom Line,False,False,7304,22,False
5734,2023,Changing Patterns over the FOMC Cycle,True,False,11251,28,False
5737,2023,Sustainable Investments in Times of Crisis,False,False,16956,36,False
5739,2023,Did Private Equity-Backed Firms Outperform Operationally During Covid-19?,False,False,13785,35,False
5740,2023,The Effect of Increasing House Prices on Household Debt in Sweden,False,False,8698,27,False
5741,2023,Exploring the Diversification Benefits  of NFT Sectors,False,False,13471,41,False
5661,2023,The Insider Scoop: A Study on the Effect of Insider Trading and Abnormal Stock Returns During Uncertain Market Condition of the Russia-Ukraine War,False,False,16590,47,False
5662,2023,The Impact of Carbon Emissions on Stock Returns,False,False,9107,30,False
5663,2023,Weathering the Storm: A Difference-in-Differences Study on Nordic Private Equity Performance and M&A Activity During the Covid-19 Pandemic,False,False,12350,39,False
5666,2023,Unemployment and Household Debt - A Practical Example,False,False,7566,28,True
5667,2023,Green Goes Green: To What Extent Does A Company's ESG Rating Correlate With Its Stock Performance During The Covid-19 Pandemic? A Panel Data Regression Study On The EU Stock Market,False,False,14462,52,False
5674,2023,Is Everyone Uninformed? A study of the relationship between profitability and IPO underpricing,False,False,15206,45,False
5709,2023,Broken promises: The failure of green stock outperformance in Europe - the importance of rating coherence,False,False,9661,38,False
5568,2023,The Spillover Effects of Intrastate Conflicts on FDI Flows in Countries Neighbouring the Conflict,False,False,15507,69,True
5891,2023,In the Line of Fire: A Study of Market Efficiency in the Context of Wildfires and Stock Market Reactions,False,False,12166,35,False
5687,2023,ESG Ratings and Stock Market Performance: Evidence of a Shift in Investor Preferences during a Period of Economic Distress in Scandinavia,False,False,10869,38,False
6206,2024,The Carbon Conundrum: Investigating the Relationship Between Carbon Risk and Eurozone Corporate Bond Returns,False,False,11916,38,False
6208,2024,The Price of Going Public: Examining IPO Underpricing and Information Asymmetry During the COVID-19 Hot Issue Market,False,False,9206,28,False
6210,2024,An Investigation of Diseconomies of Scale in Volatile Markets under short-term Periods: Analyzing the Impact of fund-specific Variables on Mutual Fund Performance during Market Turbulence,False,False,11544,36,False
6211,2024,The Impact of Going Public on the Firm Scale and Commercialisation Strategy,False,False,12048,37,False
6212,2024,Quantifying Sources of Firm-Level Risk Through Conference Call Transcripts: A BERTopic Approach,False,False,18189,57,False
6218,2024,Tracking the Passive Pulse: Unraveling ETFs'    Role in Corporate Investment,False,False,10812,36,False
6221,2024,ETF Flows: a Lens for Predicting Market Returns,False,False,18282,41,False
6222,2024,Short-Termism in Swedish Corporate Investments: A Comparison of Publicly Listed and Private Firms. A Historical and Comparative Perspective.,False,False,16142,48,False
6224,2024,Truckloads of Power: Unpacking Market Concentration in U.S. Trucking,False,False,16829,51,True
6226,2024,A comparative study of venture capital influence on IPO performance in the US,False,False,11817,35,False
6232,2024,Private Equity's Appetite for Engineering: Investigating the performance effects of private equity ownership during exogenous shocks,False,False,20425,57,False
6238,2024,Sharper Strategies: Global Patterns & Local Precision in Stock Return Prediction Through Transfer Learning with Convolutional Neural Networks,False,False,10542,37,False
6038,2024,"Sustainable Investing in the Nordics: What is most important - Environmental, Social or Governance Scores?",False,False,9224,41,False
6078,2024,Diversity Dividens: Gender Dynamics and Corporate Performance in Sweden. A Financial Perspective on Gender Diversity in Swedish Boardrooms,False,False,10657,43,False
6003,2024,Sports Betting as an Alternative Investment,False,False,28665,60,False
6005,2024,The Impact of Scale in Active Fund Management: Examining Diseconomies of Scale in Actively Managed Mutual Funds Investing in European Equities,False,False,12947,38,False
6006,2024,Outperforming S&P 500: The power of using earnings quality in fundamental stock selection,False,False,15496,36,False
6010,2024,Do IPOs Affect Prices of Other Assets? Evidence From a Swedish Setting,False,False,17382,35,False
6011,2024,Replicating Success: Adopting the Value-Added Method to Assess Managerial Skill in Luxembourg and the rest of Europe,False,False,7482,31,False
6012,2024,Investing in trust: Examining the impact of CSR on stock returns during market crisis,False,False,10430,33,False
6013,2024,Riding the Wave: IPO Underpricing on the London Stock Exchange between 2008 and 2023,False,False,12197,53,False
6016,2024,The Effect of Insider Transactions on Stock Prices,False,False,8794,30,False
6019,2024,Playing The Numbers Game: Examining Strategic Rounding of EPS Data in Sweden,False,False,13416,46,False
6020,2024,Unexpected National Football Results' Influence on National Stock Markets: Differences in Integrated and Non-Integrated Markets,False,False,14208,35,False
6021,2024,"ETF Arbitrage, Executed by the Hidden Market Player",False,False,13142,41,False
6027,2024,Inventory Effects: Market Makers' Impact on Short-term Returns,False,False,8080,26,False
6028,2024,Unveiling the pilars of M&A performance in US. pharma: a quantitative study on short-term shareholder value in the pharmaceutical indutry,False,False,7600,27,False
6031,2024,Pay to Win? The Effect of Commissioned Equity Research on Stock Prices,False,False,9282,31,False
6039,2024,International Bank Flow Dynamics after the Global Financial Crisis: Measuring the Impact of Bank Regulation and Institutional Quality on Foreign Claims Growth,False,False,6403,27,False
6040,2024,It's Raining Yen: A Study on the Household Response to the Japanese Special Cash Payments,False,False,11080,34,False
6042,2024,Are Sinners Winners? A Study on Sin Stock Performance Between 2020-2023,False,False,7792,28,False
6043,2024,Unpacking Performance: A Comparative Study of Value-Added and Alpha Metrics in Predicting Swedish Mutual Fund Manager Performance,False,False,16861,35,False
6045,2024,Sustainability in Active Management: Short-term Implications of the Sustainable Finance Disclosure Regulation,False,False,11094,29,False
6050,2024,Home Mortgage Constraints and Rental Market Frictions: Lessons from Norway,False,False,7520,28,False
6051,2024,Can Investors on Nasdaq Stockholm Interpret Percentages? Non-Proportional Thinking in a Swedish Setting,False,False,10501,30,False
6052,2024,Hedging The Future: Diversification Benefits of Carbon Credits,False,False,14732,42,False
6053,2024,The Smooth Transition: A Study on The Impact of the French Board Gender Quota on Firm Value,True,False,11253,28,False
6056,2024,Does Cybersecurity Risk Impact Stock Returns of Nordic Large Cap Firms?,False,False,12315,27,True
6058,2024,Gender at the Deal Table : A Study of Director Gender Impact in Mergers and Acquisitions,False,False,11864,37,False
6060,2024,Household Response to Fiscal Stimulus: A Study on Japan's 2020 Special Cash Payments Scheme,False,False,14668,47,False
6073,2024,Leverage Constraints and the Beta Anomaly: Betting Against Beta in the Swedish Stock Market,False,False,14883,46,False
6074,2024,Developed vs. Developing: An event study on the stock price response to the issuance of green bonds in Sweden compared to China,False,False,13422,32,False
6076,2024,The Maturity Ambiguity: A Study on the Liquidity Premia in US Treasury Securities,False,False,12788,33,False
6077,2024,The Family Factor: Family Ownership and Firm Performance in the European Market,False,False,9331,30,False
6079,2024,Unveiling Market Seasonality: The Day-of-the-Week Effect on the Swedish Stock Market Across Different Market Conditions,False,False,10344,34,False
6082,2024,The Value of Values,False,False,9457,36,False
6054,2024,The Effects of Political Connections on Firms' Abnormal Returns in Thailand,False,False,28741,84,True
6084,2024,Climate Crisis: Just Another Annual Report - An Impression Management Discourse Analysis of Organizational Decarbonization in Corporate Disclosures,False,False,17142,49,True
6585,2025,When Central Banks Speak: A Study on the Impact of Central Bank Announcements on the Swedish Stock Market,False,False,12373,33,False
6577,2025,When does payment method lose its signaling power in M&A? - Evidence from market reaction,False,False,11797,45,True
6576,2025,News and carbon premium return,False,False,11947,31,False
6575,2025,The MAX Effect and Firm-Specific Attention: How Reversals Vary with Investor Focus,False,False,14236,41,False
6573,2025,Fund manager gender and investment performance -  a study of Nordic mutual funds,False,False,8638,26,False
6558,2025,Brand Power Meets Market Fear: A Downside Risk Perspective,False,False,19482,51,False
6555,2025,Debt Refinancing and Cross-Market Spillovers Into Credit Spreads,False,False,16413,52,False
6538,2025,Taking the common currency out of the common market: Redenomination risk in the eurozone,False,False,14618,39,False
6326,2025,Intergenerational Wealth Mobility: How Policy Changes Affect Intergenerational Wealth Mobility in Sweden,False,False,8108,30,False
6327,2025,Application of CatBoost for Credit Rating Prediction,False,False,10240,32,True
6328,2025,"Debt Maturity, Firm Liquidity, and Equity Returns: European Evidence",False,False,14689,41,False
6329,2025,"Strength in Numbers: Reddit, Returns, and Rhetoric: Retail Investor Impact on Technology Stocks in a Politically Charged Market",False,False,13551,38,False
6330,2025,"Public Office, Private Gains (AN ANALYSIS OF PERFORMANCE BASED ON U.S. CONGRESS' STOCK TRADING DISCLOSURES)",False,False,14372,56,False
6331,2025,CSR Under Pressure: An Analysis of CSR and Stock Returns in Europe During COVID-19,False,False,10205,29,False
6332,2025,Does Past Performance Guarantee Future Returns? The Role of Fund Growth and Sector in Private Equity Performance Persistence,False,False,12801,43,False
6333,2025,"Different Minds, Better Returns? Investigating Diversity and Fund Performance in the Swedish Mutual Fund Market",False,False,15786,40,False
6334,2025,"Greenhouse Gas Emissions and Stock Returns: Assessing Emission Type, Firm Size, and Regional Differences",False,False,16729,42,False
6335,2025,When Good Firms Go Private: ESG Performance and Voluntary Delisting,False,False,11126,32,False
6337,2025,Private Equity Ownership In Times Of Crisis: Examining The Financial Resilience Of Swedish Private Equity-Backed Companies During The Covid-19 Crisis,False,False,7397,31,False
6338,2025,Leading The Wallet: How Female Headship Shapes Household Financial Behaviour Across The Eurozone,False,True,30588,74,False
6340,2025,Rollover Risk and Firm Productivity: Evidence from the 2008 Credit Crunch in the United States,False,False,10613,34,False
6341,2025,The Entrepreneurial Ecosystem of Kosovo: A Field Study of Local Startup Entrepreneurs,False,False,11792,40,False
6344,2025,When Active Pays Off: The Role of Active Share in Turbulent Markets,False,False,10577,33,False
6345,2025,Ho Ho Holdings,False,False,11283,36,False
6346,2025,ESG in the Storm - Linking ESG Ratings and Stock Performance During Market Distress,False,False,15338,39,False
6347,2025,Does Size and Age Matter?,False,False,18351,48,False
6350,2025,This Is Not Financial Advice: Investigating The Predictive And Reactive Nature Of WallStreetBets Sentiment,False,False,13985,34,False
6351,2025,Vice and Value: Three Decades of Sin Stock Returns,False,False,12443,37,False
6352,2025,Exploring the Weather Effect: The Impact of Weather Factors on the Swedish Stock Market,False,False,11356,29,False
6354,2025,Analyst Recommendations and Gender: Measuring the Performance of Newspaper Stock Recommendations,False,False,10871,29,False
6356,2025,Do Patents Pay Off? A Study of the Patent-Performance Relationship in Sweden,False,False,15023,38,False
6364,2025,Information Uncertainty and the Likelihood of Corporate Takeovers: Evidence from U.S. Public Firms,False,False,13707,43,False
6365,2025,"Public Office, Private Gains? An Event Study on U.S. Congressional Stock Trades",False,False,10057,39,False
6366,2025,Political Uncertainty and Corporate Investment in Sweden: How Uncertainty Related to Swedish General Elections Affect Corporate Investment in Swedish Public Firms,False,False,10189,29,False
6372,2025,The Signaling Effect of Share Repurchases: Short- and Long-Run Evidence from the Swedish Market,False,False,10729,39,False
6373,2025,Studying the impact of Top Marginal Income Taxes on Income Inequality,False,False,9698,30,False
6385,2025,Payout Choices: A Comparative Study of the Impact of Share Repurchase and Dividend Increase Announcements on Abnormal Returns in Sweden,False,False,11272,36,False
6388,2025,The Impact of Mergers on Corporate Innovation: Evidence from Decades of Patent Activity,False,False,10654,33,False
6390,2025,Wartime Wallets: Assessing the Firm-Level Impact of the Post-2001 Fiscal Spending Shock,False,False,6118,30,False
6239,2025,The Power of Indices: A Study of Joiners and Leavers to the Most Prominent Indices in the Nordics and Baltics,False,False,16694,43,False
6240,2025,The Impact of Geopolitical Risk on Firm Behavior and Stock Returns,False,False,9435,35,False
6242,2025,The Price of Emissions: Decoding Green Returns,False,False,12525,46,False
6209,2025,Adaptive Makets and Attention-Driven Anomalies in Times of Crisis: A COVID-19 Perspective,False,False,12783,41,False
6227,2025,Deals on Hold: A Study on the Impact of Policy Uncertainty on Merger and Acquisition Activity in Sweden,False,False,7492,24,False
6228,2025,NAVIGATING FINANCIAL DISTRESS: THE IMPACT OF FINANCIAL LITERACY ON HOUSEHOLD-LEVEL BANKRUPTCY,False,False,12291,45,False
6231,2025,Guilty Profits: Does the Market Reward the Unethical?,False,False,13775,35,False
6233,2025,Music Sentiment and Stock Returns in Sweden,False,False,11866,34,False
6234,2025,Do Activist Types Matter? A Comparative Analysis of Shareholder Activists,False,False,12619,33,False
6235,2025,Unveiling the Puzzle of ESG Investing: An Analysis of ESG-Efficient Frontiers Across U.S. Macroeconomic Periods,False,False,12489,39,False
6442,2025,Independence in an Era of Interference: A Quantitative Exploration of the Relationship between Central Bank Independence and Inflation,False,False,9562,42,True
6339,2025,"Finance, Innovation, and Comparative Advantage: Financial Development and International Trade in Finance Dependent and Innovation Dependent Industries - A Global Perspective",False,False,13440,38,False
6456,2025,Testing the Waters: Double Announcements in Swedish Rights Issues,False,False,12144,44,False
6437,2025,Do Environmental Leaders Perform Better During Disasters? - Evidence from the 2025 California Wildfires,False,False,13426,46,False
6336,2025,Beyond Speculation: Can Fundamental Blockchain Metrics Predict Token Returns?,False,False,17165,44,False
6362,2025,Mispriced and Misunderstood? The Impact of Liquidity on Tracking Errors in European ETFs,False,False,15854,39,False
6691,2026,Zookeeping: A Comparison of Factor Pruning Methods,False,False,9244,25,False
6686,2026,Predetermined Demand: How Past Birth Cohorts Predict Regional House Price Growth in Sweden,False,False,12766,32,False
6795,2026,What the Market Reads: How EU Disclosure Harmonization Reshaped the Pricing of Swedish IPO Prospectuses,False,False,33090,67,False
6801,2026,Beyond Borders and Institutional Constraints: U.S. Equity Cross-listing and Refinancing Risk in Emerging Market Firms,False,False,13703,36,False
6733,2026,Pricing the Unseen: How Intangible Assets Affect Investor Reactions to Payment Choice in Public M&A,False,False,18484,43,False
6687,2026,When Similarity Sells and Diversity Delivers: The Dual Preferences Driving Mutual Fund Flows,False,False,12190,35,False
6724,2026,Intangible Capital & Corporate Cash Holdings: International Evidence,False,False,13539,37,False
6812,2026,Green Window Dressing in European ESG Funds,False,False,10528,29,False
6689,2026,Net Payout Yield and Payout Financing: Evidence from the Cross Section of Stock Returns,False,False,12988,33,False
6828,2026,Repricing Policy Uncertainty: News-Based and Prediction-Market Evidence on U.S. Equity Risk Premia,False,False,16853,37,False
6827,2026,Convenience Yields in the TIPS-Treasury Bond Mispricing,False,False,16197,46,False
6821,2026,"Talk, Walk, and the CSRD: Evidence on the Disclosure-Performance Gap",False,False,13091,39,False
6817,2026,Incentivizing Innovation - How private equity time horizons dictate long-term value creation,False,False,12741,32,False
6816,2026,Market-Perceived Artificial Intelligence: Insights from Thematic ETF Portfolio Holdings,False,False,12474,42,False
6810,2026,"Anchored Owners, Drifting Discounts: Investor Sentiment in Swedish Closed-End Funds",False,False,12009,34,False
6805,2026,"Artificial Intelligence Risk: Evidence from LLM-Assessed 10-K Filings, 2020-2025",False,False,15401,38,False
6803,2026,More Than a PIPE Dream: How PIPE Financing Shapes Post-Merger Performance in SPACs,False,False,10544,34,False
6799,2026,The Stock Market Pricing of Green and Brown Firms: Evidence from U.S. Presidential Elections,False,False,25092,68,False
6237,2026,Re-Optimizing Inequality: How Capital Income Taxes Move Wealth Distributions,False,False,10059,40,False
6785,2026,Built for Bad Times? Private Equity and Operational Performance Across Economic Downturns in Sweden,False,False,16409,34,False
6784,2026,ESG Firms in a Tense World: ESG Ratings and Equity Market Liquidity of European Firms under Geopolitical Risk,False,False,11857,31,False
6782,2026,Active and Total Reaching for Yield: Risk-Taking in Investment Grade Corporate Bond Mutual Funds,False,False,17725,39,False
6778,2026,Short Selling and the Disappearing Index Effect in European Blue Chip Indexes: Evidence from the EURO STOXX 50 and the FTSE 100,False,False,11418,37,False
6775,2026,When Deposits Run: An Event Study on the Collapse of Silicon Valley Bank,False,False,14286,44,False
6744,2026,The Indexer's Dilemma - Rational choices and irrational volatility,False,False,15397,46,True
6692,2026,Consumer Behavior Around Salient Swedish Macroeconomic Announcements,False,False,12812,35,False
6618,2026,Dividend Anomalies: A Comparative Analysis of Sweden and the U.S.,False,False,11266,31,False
6606,2026,Resilience in Fiery Seas: An analysis of liquidity resilience in the Centralized ETH/USDT and Decentralized WETH/USDT cryptocurrency market,False,False,14355,53,False
6600,2026,Determinants of Acquirer Returns in Sweden: Evidence from Private-Target M&A,False,False,8226,28,False
6598,2026,The Last Chapter of the Local Bank Office?: Exploring Swedish Bank Branch Closings and their Effects on the Economy,False,False,8744,31,False
6597,2026,The Climate of Choice: How Weather Conditions Shape Consumer Decision-Making,False,False,16631,41,False
6596,2026,Leverage under Pressure: Household Liquidity and Financial Resilience during the 2022 Inflation Shock,False,False,10847,30,False
6595,2026,The Impact of IPO Lockup Expiration: European Evidence,False,False,15640,39,False
6594,2026,Confidence on Credit: A Study on the Role of Financial Distress in Shaping the Credibility of Share Repurchase Announcements,False,False,23323,49,False
6593,2026,In Times of Turbulence: How Market Volatility Shapes the Pricing of Initial Public Offerings,False,False,15093,40,False
6591,2026,The Fund Flow Impact on Stock Returns,False,False,9488,24,False
6589,2026,"The Differential Impact of Monetary Policy Shocks on Growth and Value Stocks, Evidence from an event study approach",False,False,11347,29,False
6587,2026,In The Eye of Climate Change: Air Pollution and Investor Attention,False,False,19463,53,False
6586,2026,Drivers of Default Risk in Swedish SMEs: A Machine Learning Approach with Explainable AI,False,False,14545,39,False
6584,2026,Revisiting the Index Effect: Evidence from ESG Index Additions and Deletions,False,False,16292,40,False
6583,2026,Momentum in Sweden: Stock-Level or Industry-Level? Understanding the Source of Momentum,False,False,11091,32,False
6581,2026,Price overreactions in crude oil futures: Nonparametric identification of news-driven price discontinuities and their role in short-term overreactions,False,False,15030,34,False
6580,2026,Planting Portfolios - Panel Trees in the Swedish Equity Market,False,False,12066,32,False
6621,2026,Closing the Gap: Do Exit Announcements Narrow NAV Discounts in Swedish Closed-End Funds?,False,False,14309,32,False
