id,group,year,title,n_authors,pages_catalogue,abstract_words,title_has_colon,title_has_question,words_total,pages_ff,refs_n,refs_n_alt,refs_top_journal,refs_JF,refs_JFE,refs_RFS,refs_working_paper,refs_web_sources,refs_found,intro_words,intro_has_question,intro_rq_phrase,intro_results_preview,intro_contrib,intro_numbers,rq_phrase_count,anchor_phrases,contrib_phrases,null_language,robustness_mentions,placebo,pretrend,swedish_mentions,nordic_mentions,policy_mentions,qualitative_mentions,hypotheses_n,tables_max,figures_max,t_stats,has_toc,m_did,m_event_study,m_rdd,m_iv,m_fixed_effects,m_fama_macbeth,m_panel,m_logit_probit,m_garch_var,m_portfolio_sorts,m_survey_interview,m_case_study,m_machine_learning,m_structural_model,src_crsp_compustat,src_wrds,src_bloomberg,src_datastream_refinitiv,src_shof,src_morningstar,src_hand_collected,src_statistics_sweden,src_finansinspektionen,src_capital_iq_orbis,cites_in_text
2011_per_hiller_gender_quotas_firm_performance_and_firm_value,winner,2011,2011_per_hiller_gender_quotas_firm_performance_and_firm_value,,,,,,18299,49,31,29,2,0,1,0,0,41,1,1096,0,0,0,0,0,0,1,1,15,0,0,1,65,168,42,1,0,8,13,21,1,39,34,0,0,6,0,0,0,0,0,1,0,0,0,1,0,0,6,0,0,0,0,0,6,22
2011_staffan_viotti_impact_of_short_sale_bans,winner,2011,2011_staffan_viotti_impact_of_short_sale_bans,,,,,,27742,60,40,30,8,5,3,0,7,16,1,1046,0,0,1,0,0,0,1,0,6,9,0,1,4,9,5,0,0,10,8,242,1,20,0,0,0,37,0,7,0,0,0,0,0,0,0,0,0,0,6,0,0,0,0,0,0,22
2012_staffan_viotti_tick_sizes_and_stock_market_volatility,winner,2012,2012_staffan_viotti_tick_sizes_and_stock_market_volatility,,,,,,17902,55,43,1,7,1,1,1,0,36,1,1307,0,0,1,0,0,0,1,0,5,10,0,0,219,5,2,0,0,15,9,98,1,0,1,14,0,2,0,1,0,0,0,2,0,0,0,0,0,0,0,0,0,0,0,1,0,0
2013_per_hiller_telling_true_from_false,winner,2013,2013_per_hiller_telling_true_from_false,,,,,,29214,65,373,247,11,5,1,1,1,0,1,1603,0,0,1,0,0,0,4,0,10,11,0,0,2,0,0,0,4,18,18,330,1,3,10,0,0,0,0,0,67,0,0,1,0,3,0,8,0,35,1,0,0,0,0,0,0,6
2013_staffan_viotti_a_blueprint_for_europe,winner,2013,2013_staffan_viotti_a_blueprint_for_europe,,,,,,11819,35,10,10,3,0,2,0,1,0,1,2451,0,0,1,0,0,0,1,0,6,3,0,0,3,0,5,0,0,6,3,158,0,20,0,0,0,7,0,2,0,0,0,0,0,0,1,0,0,0,1,0,0,0,0,0,0,2
2014_staffan_viotti_religious_frictions_on_the_capital_markets,winner,2014,2014_staffan_viotti_religious_frictions_on_the_capital_markets,,,,,,15785,49,39,38,5,2,0,2,2,13,1,928,0,0,1,0,0,1,2,1,6,1,0,0,1,0,1,0,2,10,6,121,1,1,1,0,0,1,0,0,0,1,0,0,0,0,0,0,0,7,0,0,0,0,0,0,0,23
2015_per_hiller_fund_flow_risk_and_cross_sectional_asset_prices,winner,2015,2015_per_hiller_fund_flow_risk_and_cross_sectional_asset_prices,,,,,,11575,33,16,15,13,4,5,1,2,0,1,394,0,0,1,0,0,0,0,1,3,1,0,0,1,0,0,0,2,5,5,109,0,0,0,0,0,6,2,0,0,0,4,0,0,0,0,1,0,0,0,0,0,0,0,0,0,1
2015_staffan_viotti_commodities_as_a_diversification_instrument,winner,2015,2015_staffan_viotti_commodities_as_a_diversification_instrument,,,,,,12302,44,8,8,0,0,0,0,0,0,1,609,0,0,0,0,0,0,0,0,0,6,0,0,1,0,0,0,0,6,5,22,1,1,0,0,0,0,0,0,0,0,0,0,0,0,0,0,0,1,1,0,0,0,0,0,0,16
2016_per_hiller_intermediary_asset_pricing_and_swedish_equity_market,winner,2016,2016_per_hiller_intermediary_asset_pricing_and_swedish_equity_market,,,,,,12638,39,22,21,17,6,4,3,3,0,1,752,0,1,1,0,6,3,4,1,5,0,0,0,67,3,0,0,0,0,4,4,0,0,0,0,0,0,1,0,0,0,5,0,0,0,0,8,0,0,1,0,0,0,4,1,0,0
2016_staffan_viotti_economic_policy_uncertainty_and_credit_risk,winner,2016,2016_staffan_viotti_economic_policy_uncertainty_and_credit_risk,,,,,,13292,33,60,54,10,4,0,0,16,2,1,,,,,,,0,0,2,0,0,0,0,0,0,2,0,0,6,5,1,0,0,0,0,0,12,0,15,0,1,0,1,0,0,1,0,0,0,2,0,0,0,0,0,0,34
2017_per_hiller_solving_the_swedish_muni_puzzle,winner,2017,2017_per_hiller_solving_the_swedish_muni_puzzle,,,,,,18755,51,76,76,37,18,7,5,0,9,1,376,0,0,0,0,0,6,6,2,3,0,0,0,132,0,1,0,0,4,0,17,1,0,0,0,0,0,0,16,0,0,0,6,0,0,0,0,0,5,0,0,0,0,0,0,0,31
2017_staffan_viotti_unbundled_costs_and_external_research,winner,2017,2017_staffan_viotti_unbundled_costs_and_external_research,,,,,,15177,58,16,15,8,5,0,0,0,0,1,625,1,0,1,1,0,0,1,4,6,8,0,1,45,0,8,1,0,12,2,72,1,2,1,0,0,7,0,4,0,0,0,0,0,0,0,0,0,0,0,1,3,1,0,0,0,5
2018_per_hiller_battery_electric_vehicle_adoption_and_free_parking,winner,2018,2018_per_hiller_battery_electric_vehicle_adoption_and_free_parking,,,,,,16227,57,43,37,2,0,0,0,0,38,1,1090,1,1,0,1,0,1,4,2,4,0,0,0,15,85,8,0,0,11,10,273,1,2,0,0,14,38,0,0,53,0,0,7,0,0,0,0,0,0,0,0,0,1,0,0,0,19
2018_staffan_viotti_mirror_mirror_on_the_wall,winner,2018,2018_staffan_viotti_mirror_mirror_on_the_wall,,,,,,14971,50,38,36,0,0,0,0,0,8,1,1074,1,1,0,0,0,1,0,0,8,0,0,0,22,0,2,9,3,3,7,2,1,7,0,0,0,0,0,0,0,0,0,9,0,0,0,0,0,0,0,0,0,0,0,0,0,24
2019_per_hiller_tobins_q_and_filing_lag,winner,2019,2019_per_hiller_tobins_q_and_filing_lag,,,,,,10842,29,42,40,7,1,1,0,0,6,1,,,,,,,2,2,0,2,5,0,0,1,0,1,0,0,4,2,194,1,0,0,0,0,26,0,0,0,0,0,1,0,0,0,12,0,0,0,0,0,0,0,0,0,12
2019_staffan_viotti_the_swedish_value_premium_and_disasters,winner,2019,2019_staffan_viotti_the_swedish_value_premium_and_disasters,,,,,,10311,29,19,19,0,0,0,0,0,0,1,681,0,0,1,0,5,0,5,0,5,2,0,0,38,0,0,0,0,5,0,13,1,5,0,0,0,0,0,0,0,0,0,1,0,0,0,0,0,4,0,2,0,0,0,0,0,49
2020_per_hiller_chasing_your_own_tail,winner,2020,2020_per_hiller_chasing_your_own_tail,,,,,,15223,55,25,25,3,1,0,0,13,5,1,1411,1,1,0,0,5,2,2,2,4,2,0,0,133,2,0,0,0,1,0,52,0,0,0,0,0,0,0,0,0,0,0,0,1,0,2,0,0,2,0,3,0,0,0,0,0,14
2020_staffan_viotti_bank_stock_returns_and_monetary_policy_surprises,winner,2020,2020_staffan_viotti_bank_stock_returns_and_monetary_policy_surprises,,,,,,13446,38,24,24,7,2,0,0,16,1,1,1200,1,0,1,1,0,1,15,1,5,0,0,0,1,0,4,0,0,0,0,179,0,2,0,0,0,5,0,0,0,0,0,0,0,0,0,1,2,0,0,0,0,0,0,0,0,9
2021_per_hiller_in_the_eye_of_a_pandemic,winner,2021,2021_per_hiller_in_the_eye_of_a_pandemic,,,,,,17111,44,55,45,10,7,1,0,1,40,1,712,1,1,0,0,0,2,7,1,10,8,0,1,87,0,2,0,0,16,2,0,0,23,7,0,0,0,0,0,0,0,0,10,0,0,1,0,0,3,0,1,0,0,0,0,0,29
2021_staffan_viotti_market_microstructure_invariance,winner,2021,2021_staffan_viotti_market_microstructure_invariance,,,,,,14744,46,29,27,6,1,1,1,2,7,1,814,1,1,1,0,0,6,2,1,0,5,0,0,110,0,9,1,0,7,3,1,0,0,0,0,0,0,0,0,0,0,0,0,1,0,5,0,0,0,2,3,0,0,0,0,0,1
2022_per_hiller_predicting_liquidity_in_cryptocurrency_market,winner,2022,2022_per_hiller_predicting_liquidity_in_cryptocurrency_market,,,,,,12601,39,25,24,6,1,1,1,0,11,1,1207,1,1,1,1,0,2,4,2,0,9,0,0,2,0,10,0,1,5,4,0,0,1,0,0,0,0,0,0,0,0,0,0,0,0,0,0,0,3,0,0,0,0,0,0,0,12
2022_staffan_viotti_owning_the_wave,winner,2022,2022_staffan_viotti_owning_the_wave,,,,,,9013,29,24,23,12,0,11,0,0,0,1,1401,0,0,1,1,0,0,1,2,1,7,0,0,42,2,1,0,0,1,0,130,0,0,0,0,0,0,0,0,0,0,0,0,0,0,0,0,0,0,0,0,0,0,0,0,41,2
2023_per_hiller_changing_patterns_over_the_fomc_cycle,winner,2023,2023_per_hiller_changing_patterns_over_the_fomc_cycle,,,,,,11251,28,16,12,5,3,0,0,2,25,1,566,1,0,0,0,0,0,4,0,3,0,0,0,13,0,0,0,0,0,6,0,0,1,0,0,0,0,0,0,0,0,0,0,0,0,2,1,1,0,0,0,0,0,0,0,0,3
2023_staffan_viotti_the_drivers_of_wealth_inequality,winner,2023,2023_staffan_viotti_the_drivers_of_wealth_inequality,,,,,,10457,36,18,17,4,0,0,0,1,5,1,926,0,0,0,0,9,0,3,0,0,5,0,0,54,0,0,0,0,5,6,0,0,0,0,0,0,0,0,0,0,0,0,0,0,0,9,0,0,0,0,0,0,0,1,0,0,1
2024_per_hiller_the_smooth_transition,winner,2024,2024_per_hiller_the_smooth_transition,,,,,,11253,28,21,15,9,0,5,0,1,13,1,1610,1,1,1,0,4,1,7,3,34,3,1,0,4,49,6,0,0,14,3,39,0,19,17,0,19,9,0,1,0,0,0,0,0,0,0,0,0,0,10,0,0,0,0,0,0,28
